Copyright 1986-2022 Xilinx, Inc. All Rights Reserved. Copyright 2022-2025 Advanced Micro Devices, Inc. All Rights Reserved.
------------------------------------------------------------------------------------------------------------------------------------------------------------------------------------------------------------------------------
| Tool Version : Vivado v.2025.2 (win64) Build 6299465 Fri Nov 14 19:35:11 GMT 2025
| Date         : Thu May  7 17:08:48 2026
| Host         : MTar-L16-W1 running 64-bit major release  (build 9200)
| Command      : report_timing_summary -max_paths 10 -routable_nets -report_unconstrained -file RP_TOP_timing_summary_routed.rpt -pb RP_TOP_timing_summary_routed.pb -rpx RP_TOP_timing_summary_routed.rpx -warn_on_violation
| Design       : RP_TOP
| Device       : 7a35t-cpg236
| Speed File   : -1  PRODUCTION 1.23 2018-06-13
| Design State : Routed
------------------------------------------------------------------------------------------------------------------------------------------------------------------------------------------------------------------------------

Timing Summary Report

------------------------------------------------------------------------------------------------
| Timer Settings
| --------------
------------------------------------------------------------------------------------------------

  Enable Multi Corner Analysis               :  Yes
  Enable Pessimism Removal                   :  Yes
  Pessimism Removal Resolution               :  Nearest Common Node
  Enable Input Delay Default Clock           :  No
  Enable Preset / Clear Arcs                 :  No
  Disable Flight Delays                      :  No
  Ignore I/O Paths                           :  No
  Timing Early Launch at Borrowing Latches   :  No
  Borrow Time for Max Delay Exceptions       :  Yes
  Merge Timing Exceptions                    :  Yes
  Inter-SLR Compensation                     :  Conservative

  Corner  Analyze    Analyze    
  Name    Max Paths  Min Paths  
  ------  ---------  ---------  
  Slow    Yes        Yes        
  Fast    Yes        Yes        


------------------------------------------------------------------------------------------------
| Report Methodology
| ------------------
------------------------------------------------------------------------------------------------

Rule       Severity          Description                                                Violations  
---------  ----------------  ---------------------------------------------------------  ----------  
TIMING-17  Critical Warning  Non-clocked sequential cell                                1000        
SYNTH-5    Warning           Mapped onto distributed RAM because of timing constraints  32          
TIMING-20  Warning           Non-clocked latch                                          272         
LATCH-1    Advisory          Existing latches in the design                             1           

Note: This report is based on the most recent report_methodology run and may not be up-to-date. Run report_methodology on the current design for the latest report.



check_timing report

Table of Contents
-----------------
1. checking no_clock (254932)
2. checking constant_clock (0)
3. checking pulse_width_clock (0)
4. checking unconstrained_internal_endpoints (4673)
5. checking no_input_delay (17)
6. checking no_output_delay (27)
7. checking multiple_clock (0)
8. checking generated_clocks (0)
9. checking loops (0)
10. checking partial_input_delay (0)
11. checking partial_output_delay (0)
12. checking latch_loops (0)

1. checking no_clock (254932)
-----------------------------
 There are 272 register/latch pins with no clock driven by root clock pin: Instruction_Cache_inst/r_data_reg[0]/Q (HIGH)

 There are 240 register/latch pins with no clock driven by root clock pin: Instruction_Cache_inst/r_data_reg[10]/Q (HIGH)

 There are 240 register/latch pins with no clock driven by root clock pin: Instruction_Cache_inst/r_data_reg[11]/Q (HIGH)

 There are 240 register/latch pins with no clock driven by root clock pin: Instruction_Cache_inst/r_data_reg[12]/Q (HIGH)

 There are 240 register/latch pins with no clock driven by root clock pin: Instruction_Cache_inst/r_data_reg[13]/Q (HIGH)

 There are 240 register/latch pins with no clock driven by root clock pin: Instruction_Cache_inst/r_data_reg[14]/Q (HIGH)

 There are 240 register/latch pins with no clock driven by root clock pin: Instruction_Cache_inst/r_data_reg[15]/Q (HIGH)

 There are 240 register/latch pins with no clock driven by root clock pin: Instruction_Cache_inst/r_data_reg[16]/Q (HIGH)

 There are 240 register/latch pins with no clock driven by root clock pin: Instruction_Cache_inst/r_data_reg[17]/Q (HIGH)

 There are 240 register/latch pins with no clock driven by root clock pin: Instruction_Cache_inst/r_data_reg[18]/Q (HIGH)

 There are 240 register/latch pins with no clock driven by root clock pin: Instruction_Cache_inst/r_data_reg[19]/Q (HIGH)

 There are 272 register/latch pins with no clock driven by root clock pin: Instruction_Cache_inst/r_data_reg[1]/Q (HIGH)

 There are 240 register/latch pins with no clock driven by root clock pin: Instruction_Cache_inst/r_data_reg[20]/Q (HIGH)

 There are 240 register/latch pins with no clock driven by root clock pin: Instruction_Cache_inst/r_data_reg[21]/Q (HIGH)

 There are 240 register/latch pins with no clock driven by root clock pin: Instruction_Cache_inst/r_data_reg[22]/Q (HIGH)

 There are 240 register/latch pins with no clock driven by root clock pin: Instruction_Cache_inst/r_data_reg[23]/Q (HIGH)

 There are 240 register/latch pins with no clock driven by root clock pin: Instruction_Cache_inst/r_data_reg[24]/Q (HIGH)

 There are 240 register/latch pins with no clock driven by root clock pin: Instruction_Cache_inst/r_data_reg[25]/Q (HIGH)

 There are 240 register/latch pins with no clock driven by root clock pin: Instruction_Cache_inst/r_data_reg[26]/Q (HIGH)

 There are 240 register/latch pins with no clock driven by root clock pin: Instruction_Cache_inst/r_data_reg[27]/Q (HIGH)

 There are 240 register/latch pins with no clock driven by root clock pin: Instruction_Cache_inst/r_data_reg[28]/Q (HIGH)

 There are 240 register/latch pins with no clock driven by root clock pin: Instruction_Cache_inst/r_data_reg[29]/Q (HIGH)

 There are 272 register/latch pins with no clock driven by root clock pin: Instruction_Cache_inst/r_data_reg[2]/Q (HIGH)

 There are 240 register/latch pins with no clock driven by root clock pin: Instruction_Cache_inst/r_data_reg[30]/Q (HIGH)

 There are 240 register/latch pins with no clock driven by root clock pin: Instruction_Cache_inst/r_data_reg[31]/Q (HIGH)

 There are 272 register/latch pins with no clock driven by root clock pin: Instruction_Cache_inst/r_data_reg[3]/Q (HIGH)

 There are 272 register/latch pins with no clock driven by root clock pin: Instruction_Cache_inst/r_data_reg[4]/Q (HIGH)

 There are 272 register/latch pins with no clock driven by root clock pin: Instruction_Cache_inst/r_data_reg[5]/Q (HIGH)

 There are 272 register/latch pins with no clock driven by root clock pin: Instruction_Cache_inst/r_data_reg[6]/Q (HIGH)

 There are 240 register/latch pins with no clock driven by root clock pin: Instruction_Cache_inst/r_data_reg[7]/Q (HIGH)

 There are 240 register/latch pins with no clock driven by root clock pin: Instruction_Cache_inst/r_data_reg[8]/Q (HIGH)

 There are 240 register/latch pins with no clock driven by root clock pin: Instruction_Cache_inst/r_data_reg[9]/Q (HIGH)

 There are 240 register/latch pins with no clock driven by root clock pin: Reg_file_inst/regs_reg[0][0]/Q (HIGH)

 There are 240 register/latch pins with no clock driven by root clock pin: Reg_file_inst/regs_reg[0][10]/Q (HIGH)

 There are 240 register/latch pins with no clock driven by root clock pin: Reg_file_inst/regs_reg[0][11]/Q (HIGH)

 There are 240 register/latch pins with no clock driven by root clock pin: Reg_file_inst/regs_reg[0][12]/Q (HIGH)

 There are 240 register/latch pins with no clock driven by root clock pin: Reg_file_inst/regs_reg[0][13]/Q (HIGH)

 There are 240 register/latch pins with no clock driven by root clock pin: Reg_file_inst/regs_reg[0][14]/Q (HIGH)

 There are 240 register/latch pins with no clock driven by root clock pin: Reg_file_inst/regs_reg[0][15]/Q (HIGH)

 There are 240 register/latch pins with no clock driven by root clock pin: Reg_file_inst/regs_reg[0][16]/Q (HIGH)

 There are 240 register/latch pins with no clock driven by root clock pin: Reg_file_inst/regs_reg[0][17]/Q (HIGH)

 There are 240 register/latch pins with no clock driven by root clock pin: Reg_file_inst/regs_reg[0][18]/Q (HIGH)

 There are 240 register/latch pins with no clock driven by root clock pin: Reg_file_inst/regs_reg[0][19]/Q (HIGH)

 There are 240 register/latch pins with no clock driven by root clock pin: Reg_file_inst/regs_reg[0][1]/Q (HIGH)

 There are 240 register/latch pins with no clock driven by root clock pin: Reg_file_inst/regs_reg[0][20]/Q (HIGH)

 There are 240 register/latch pins with no clock driven by root clock pin: Reg_file_inst/regs_reg[0][21]/Q (HIGH)

 There are 240 register/latch pins with no clock driven by root clock pin: Reg_file_inst/regs_reg[0][22]/Q (HIGH)

 There are 240 register/latch pins with no clock driven by root clock pin: Reg_file_inst/regs_reg[0][23]/Q (HIGH)

 There are 240 register/latch pins with no clock driven by root clock pin: Reg_file_inst/regs_reg[0][24]/Q (HIGH)

 There are 240 register/latch pins with no clock driven by root clock pin: Reg_file_inst/regs_reg[0][25]/Q (HIGH)

 There are 240 register/latch pins with no clock driven by root clock pin: Reg_file_inst/regs_reg[0][26]/Q (HIGH)

 There are 240 register/latch pins with no clock driven by root clock pin: Reg_file_inst/regs_reg[0][27]/Q (HIGH)

 There are 240 register/latch pins with no clock driven by root clock pin: Reg_file_inst/regs_reg[0][28]/Q (HIGH)

 There are 240 register/latch pins with no clock driven by root clock pin: Reg_file_inst/regs_reg[0][29]/Q (HIGH)

 There are 240 register/latch pins with no clock driven by root clock pin: Reg_file_inst/regs_reg[0][2]/Q (HIGH)

 There are 240 register/latch pins with no clock driven by root clock pin: Reg_file_inst/regs_reg[0][30]/Q (HIGH)

 There are 240 register/latch pins with no clock driven by root clock pin: Reg_file_inst/regs_reg[0][31]/Q (HIGH)

 There are 240 register/latch pins with no clock driven by root clock pin: Reg_file_inst/regs_reg[0][3]/Q (HIGH)

 There are 240 register/latch pins with no clock driven by root clock pin: Reg_file_inst/regs_reg[0][4]/Q (HIGH)

 There are 240 register/latch pins with no clock driven by root clock pin: Reg_file_inst/regs_reg[0][5]/Q (HIGH)

 There are 240 register/latch pins with no clock driven by root clock pin: Reg_file_inst/regs_reg[0][6]/Q (HIGH)

 There are 240 register/latch pins with no clock driven by root clock pin: Reg_file_inst/regs_reg[0][7]/Q (HIGH)

 There are 240 register/latch pins with no clock driven by root clock pin: Reg_file_inst/regs_reg[0][8]/Q (HIGH)

 There are 240 register/latch pins with no clock driven by root clock pin: Reg_file_inst/regs_reg[0][9]/Q (HIGH)

 There are 240 register/latch pins with no clock driven by root clock pin: Reg_file_inst/regs_reg[10][0]/Q (HIGH)

 There are 240 register/latch pins with no clock driven by root clock pin: Reg_file_inst/regs_reg[10][10]/Q (HIGH)

 There are 240 register/latch pins with no clock driven by root clock pin: Reg_file_inst/regs_reg[10][11]/Q (HIGH)

 There are 240 register/latch pins with no clock driven by root clock pin: Reg_file_inst/regs_reg[10][12]/Q (HIGH)

 There are 240 register/latch pins with no clock driven by root clock pin: Reg_file_inst/regs_reg[10][13]/Q (HIGH)

 There are 240 register/latch pins with no clock driven by root clock pin: Reg_file_inst/regs_reg[10][14]/Q (HIGH)

 There are 240 register/latch pins with no clock driven by root clock pin: Reg_file_inst/regs_reg[10][15]/Q (HIGH)

 There are 240 register/latch pins with no clock driven by root clock pin: Reg_file_inst/regs_reg[10][16]/Q (HIGH)

 There are 240 register/latch pins with no clock driven by root clock pin: Reg_file_inst/regs_reg[10][17]/Q (HIGH)

 There are 240 register/latch pins with no clock driven by root clock pin: Reg_file_inst/regs_reg[10][18]/Q (HIGH)

 There are 240 register/latch pins with no clock driven by root clock pin: Reg_file_inst/regs_reg[10][19]/Q (HIGH)

 There are 240 register/latch pins with no clock driven by root clock pin: Reg_file_inst/regs_reg[10][1]/Q (HIGH)

 There are 240 register/latch pins with no clock driven by root clock pin: Reg_file_inst/regs_reg[10][20]/Q (HIGH)

 There are 240 register/latch pins with no clock driven by root clock pin: Reg_file_inst/regs_reg[10][21]/Q (HIGH)

 There are 240 register/latch pins with no clock driven by root clock pin: Reg_file_inst/regs_reg[10][22]/Q (HIGH)

 There are 240 register/latch pins with no clock driven by root clock pin: Reg_file_inst/regs_reg[10][23]/Q (HIGH)

 There are 240 register/latch pins with no clock driven by root clock pin: Reg_file_inst/regs_reg[10][24]/Q (HIGH)

 There are 240 register/latch pins with no clock driven by root clock pin: Reg_file_inst/regs_reg[10][25]/Q (HIGH)

 There are 240 register/latch pins with no clock driven by root clock pin: Reg_file_inst/regs_reg[10][26]/Q (HIGH)

 There are 240 register/latch pins with no clock driven by root clock pin: Reg_file_inst/regs_reg[10][27]/Q (HIGH)

 There are 240 register/latch pins with no clock driven by root clock pin: Reg_file_inst/regs_reg[10][28]/Q (HIGH)

 There are 240 register/latch pins with no clock driven by root clock pin: Reg_file_inst/regs_reg[10][29]/Q (HIGH)

 There are 240 register/latch pins with no clock driven by root clock pin: Reg_file_inst/regs_reg[10][2]/Q (HIGH)

 There are 240 register/latch pins with no clock driven by root clock pin: Reg_file_inst/regs_reg[10][30]/Q (HIGH)

 There are 240 register/latch pins with no clock driven by root clock pin: Reg_file_inst/regs_reg[10][31]/Q (HIGH)

 There are 240 register/latch pins with no clock driven by root clock pin: Reg_file_inst/regs_reg[10][3]/Q (HIGH)

 There are 240 register/latch pins with no clock driven by root clock pin: Reg_file_inst/regs_reg[10][4]/Q (HIGH)

 There are 240 register/latch pins with no clock driven by root clock pin: Reg_file_inst/regs_reg[10][5]/Q (HIGH)

 There are 240 register/latch pins with no clock driven by root clock pin: Reg_file_inst/regs_reg[10][6]/Q (HIGH)

 There are 240 register/latch pins with no clock driven by root clock pin: Reg_file_inst/regs_reg[10][7]/Q (HIGH)

 There are 240 register/latch pins with no clock driven by root clock pin: Reg_file_inst/regs_reg[10][8]/Q (HIGH)

 There are 240 register/latch pins with no clock driven by root clock pin: Reg_file_inst/regs_reg[10][9]/Q (HIGH)

 There are 240 register/latch pins with no clock driven by root clock pin: Reg_file_inst/regs_reg[11][0]/Q (HIGH)

 There are 240 register/latch pins with no clock driven by root clock pin: Reg_file_inst/regs_reg[11][10]/Q (HIGH)

 There are 240 register/latch pins with no clock driven by root clock pin: Reg_file_inst/regs_reg[11][11]/Q (HIGH)

 There are 240 register/latch pins with no clock driven by root clock pin: Reg_file_inst/regs_reg[11][12]/Q (HIGH)

 There are 240 register/latch pins with no clock driven by root clock pin: Reg_file_inst/regs_reg[11][13]/Q (HIGH)

 There are 240 register/latch pins with no clock driven by root clock pin: Reg_file_inst/regs_reg[11][14]/Q (HIGH)

 There are 240 register/latch pins with no clock driven by root clock pin: Reg_file_inst/regs_reg[11][15]/Q (HIGH)

 There are 240 register/latch pins with no clock driven by root clock pin: Reg_file_inst/regs_reg[11][16]/Q (HIGH)

 There are 240 register/latch pins with no clock driven by root clock pin: Reg_file_inst/regs_reg[11][17]/Q (HIGH)

 There are 240 register/latch pins with no clock driven by root clock pin: Reg_file_inst/regs_reg[11][18]/Q (HIGH)

 There are 240 register/latch pins with no clock driven by root clock pin: Reg_file_inst/regs_reg[11][19]/Q (HIGH)

 There are 240 register/latch pins with no clock driven by root clock pin: Reg_file_inst/regs_reg[11][1]/Q (HIGH)

 There are 240 register/latch pins with no clock driven by root clock pin: Reg_file_inst/regs_reg[11][20]/Q (HIGH)

 There are 240 register/latch pins with no clock driven by root clock pin: Reg_file_inst/regs_reg[11][21]/Q (HIGH)

 There are 240 register/latch pins with no clock driven by root clock pin: Reg_file_inst/regs_reg[11][22]/Q (HIGH)

 There are 240 register/latch pins with no clock driven by root clock pin: Reg_file_inst/regs_reg[11][23]/Q (HIGH)

 There are 240 register/latch pins with no clock driven by root clock pin: Reg_file_inst/regs_reg[11][24]/Q (HIGH)

 There are 240 register/latch pins with no clock driven by root clock pin: Reg_file_inst/regs_reg[11][25]/Q (HIGH)

 There are 240 register/latch pins with no clock driven by root clock pin: Reg_file_inst/regs_reg[11][26]/Q (HIGH)

 There are 240 register/latch pins with no clock driven by root clock pin: Reg_file_inst/regs_reg[11][27]/Q (HIGH)

 There are 240 register/latch pins with no clock driven by root clock pin: Reg_file_inst/regs_reg[11][28]/Q (HIGH)

 There are 240 register/latch pins with no clock driven by root clock pin: Reg_file_inst/regs_reg[11][29]/Q (HIGH)

 There are 240 register/latch pins with no clock driven by root clock pin: Reg_file_inst/regs_reg[11][2]/Q (HIGH)

 There are 240 register/latch pins with no clock driven by root clock pin: Reg_file_inst/regs_reg[11][30]/Q (HIGH)

 There are 240 register/latch pins with no clock driven by root clock pin: Reg_file_inst/regs_reg[11][31]/Q (HIGH)

 There are 240 register/latch pins with no clock driven by root clock pin: Reg_file_inst/regs_reg[11][3]/Q (HIGH)

 There are 240 register/latch pins with no clock driven by root clock pin: Reg_file_inst/regs_reg[11][4]/Q (HIGH)

 There are 240 register/latch pins with no clock driven by root clock pin: Reg_file_inst/regs_reg[11][5]/Q (HIGH)

 There are 240 register/latch pins with no clock driven by root clock pin: Reg_file_inst/regs_reg[11][6]/Q (HIGH)

 There are 240 register/latch pins with no clock driven by root clock pin: Reg_file_inst/regs_reg[11][7]/Q (HIGH)

 There are 240 register/latch pins with no clock driven by root clock pin: Reg_file_inst/regs_reg[11][8]/Q (HIGH)

 There are 240 register/latch pins with no clock driven by root clock pin: Reg_file_inst/regs_reg[11][9]/Q (HIGH)

 There are 240 register/latch pins with no clock driven by root clock pin: Reg_file_inst/regs_reg[12][0]/Q (HIGH)

 There are 240 register/latch pins with no clock driven by root clock pin: Reg_file_inst/regs_reg[12][10]/Q (HIGH)

 There are 240 register/latch pins with no clock driven by root clock pin: Reg_file_inst/regs_reg[12][11]/Q (HIGH)

 There are 240 register/latch pins with no clock driven by root clock pin: Reg_file_inst/regs_reg[12][12]/Q (HIGH)

 There are 240 register/latch pins with no clock driven by root clock pin: Reg_file_inst/regs_reg[12][13]/Q (HIGH)

 There are 240 register/latch pins with no clock driven by root clock pin: Reg_file_inst/regs_reg[12][14]/Q (HIGH)

 There are 240 register/latch pins with no clock driven by root clock pin: Reg_file_inst/regs_reg[12][15]/Q (HIGH)

 There are 240 register/latch pins with no clock driven by root clock pin: Reg_file_inst/regs_reg[12][16]/Q (HIGH)

 There are 240 register/latch pins with no clock driven by root clock pin: Reg_file_inst/regs_reg[12][17]/Q (HIGH)

 There are 240 register/latch pins with no clock driven by root clock pin: Reg_file_inst/regs_reg[12][18]/Q (HIGH)

 There are 240 register/latch pins with no clock driven by root clock pin: Reg_file_inst/regs_reg[12][19]/Q (HIGH)

 There are 240 register/latch pins with no clock driven by root clock pin: Reg_file_inst/regs_reg[12][1]/Q (HIGH)

 There are 240 register/latch pins with no clock driven by root clock pin: Reg_file_inst/regs_reg[12][20]/Q (HIGH)

 There are 240 register/latch pins with no clock driven by root clock pin: Reg_file_inst/regs_reg[12][21]/Q (HIGH)

 There are 240 register/latch pins with no clock driven by root clock pin: Reg_file_inst/regs_reg[12][22]/Q (HIGH)

 There are 240 register/latch pins with no clock driven by root clock pin: Reg_file_inst/regs_reg[12][23]/Q (HIGH)

 There are 240 register/latch pins with no clock driven by root clock pin: Reg_file_inst/regs_reg[12][24]/Q (HIGH)

 There are 240 register/latch pins with no clock driven by root clock pin: Reg_file_inst/regs_reg[12][25]/Q (HIGH)

 There are 240 register/latch pins with no clock driven by root clock pin: Reg_file_inst/regs_reg[12][26]/Q (HIGH)

 There are 240 register/latch pins with no clock driven by root clock pin: Reg_file_inst/regs_reg[12][27]/Q (HIGH)

 There are 240 register/latch pins with no clock driven by root clock pin: Reg_file_inst/regs_reg[12][28]/Q (HIGH)

 There are 240 register/latch pins with no clock driven by root clock pin: Reg_file_inst/regs_reg[12][29]/Q (HIGH)

 There are 240 register/latch pins with no clock driven by root clock pin: Reg_file_inst/regs_reg[12][2]/Q (HIGH)

 There are 240 register/latch pins with no clock driven by root clock pin: Reg_file_inst/regs_reg[12][30]/Q (HIGH)

 There are 240 register/latch pins with no clock driven by root clock pin: Reg_file_inst/regs_reg[12][31]/Q (HIGH)

 There are 240 register/latch pins with no clock driven by root clock pin: Reg_file_inst/regs_reg[12][3]/Q (HIGH)

 There are 240 register/latch pins with no clock driven by root clock pin: Reg_file_inst/regs_reg[12][4]/Q (HIGH)

 There are 240 register/latch pins with no clock driven by root clock pin: Reg_file_inst/regs_reg[12][5]/Q (HIGH)

 There are 240 register/latch pins with no clock driven by root clock pin: Reg_file_inst/regs_reg[12][6]/Q (HIGH)

 There are 240 register/latch pins with no clock driven by root clock pin: Reg_file_inst/regs_reg[12][7]/Q (HIGH)

 There are 240 register/latch pins with no clock driven by root clock pin: Reg_file_inst/regs_reg[12][8]/Q (HIGH)

 There are 240 register/latch pins with no clock driven by root clock pin: Reg_file_inst/regs_reg[12][9]/Q (HIGH)

 There are 240 register/latch pins with no clock driven by root clock pin: Reg_file_inst/regs_reg[13][0]/Q (HIGH)

 There are 240 register/latch pins with no clock driven by root clock pin: Reg_file_inst/regs_reg[13][10]/Q (HIGH)

 There are 240 register/latch pins with no clock driven by root clock pin: Reg_file_inst/regs_reg[13][11]/Q (HIGH)

 There are 240 register/latch pins with no clock driven by root clock pin: Reg_file_inst/regs_reg[13][12]/Q (HIGH)

 There are 240 register/latch pins with no clock driven by root clock pin: Reg_file_inst/regs_reg[13][13]/Q (HIGH)

 There are 240 register/latch pins with no clock driven by root clock pin: Reg_file_inst/regs_reg[13][14]/Q (HIGH)

 There are 240 register/latch pins with no clock driven by root clock pin: Reg_file_inst/regs_reg[13][15]/Q (HIGH)

 There are 240 register/latch pins with no clock driven by root clock pin: Reg_file_inst/regs_reg[13][16]/Q (HIGH)

 There are 240 register/latch pins with no clock driven by root clock pin: Reg_file_inst/regs_reg[13][17]/Q (HIGH)

 There are 240 register/latch pins with no clock driven by root clock pin: Reg_file_inst/regs_reg[13][18]/Q (HIGH)

 There are 240 register/latch pins with no clock driven by root clock pin: Reg_file_inst/regs_reg[13][19]/Q (HIGH)

 There are 240 register/latch pins with no clock driven by root clock pin: Reg_file_inst/regs_reg[13][1]/Q (HIGH)

 There are 240 register/latch pins with no clock driven by root clock pin: Reg_file_inst/regs_reg[13][20]/Q (HIGH)

 There are 240 register/latch pins with no clock driven by root clock pin: Reg_file_inst/regs_reg[13][21]/Q (HIGH)

 There are 240 register/latch pins with no clock driven by root clock pin: Reg_file_inst/regs_reg[13][22]/Q (HIGH)

 There are 240 register/latch pins with no clock driven by root clock pin: Reg_file_inst/regs_reg[13][23]/Q (HIGH)

 There are 240 register/latch pins with no clock driven by root clock pin: Reg_file_inst/regs_reg[13][24]/Q (HIGH)

 There are 240 register/latch pins with no clock driven by root clock pin: Reg_file_inst/regs_reg[13][25]/Q (HIGH)

 There are 240 register/latch pins with no clock driven by root clock pin: Reg_file_inst/regs_reg[13][26]/Q (HIGH)

 There are 240 register/latch pins with no clock driven by root clock pin: Reg_file_inst/regs_reg[13][27]/Q (HIGH)

 There are 240 register/latch pins with no clock driven by root clock pin: Reg_file_inst/regs_reg[13][28]/Q (HIGH)

 There are 240 register/latch pins with no clock driven by root clock pin: Reg_file_inst/regs_reg[13][29]/Q (HIGH)

 There are 240 register/latch pins with no clock driven by root clock pin: Reg_file_inst/regs_reg[13][2]/Q (HIGH)

 There are 240 register/latch pins with no clock driven by root clock pin: Reg_file_inst/regs_reg[13][30]/Q (HIGH)

 There are 240 register/latch pins with no clock driven by root clock pin: Reg_file_inst/regs_reg[13][31]/Q (HIGH)

 There are 240 register/latch pins with no clock driven by root clock pin: Reg_file_inst/regs_reg[13][3]/Q (HIGH)

 There are 240 register/latch pins with no clock driven by root clock pin: Reg_file_inst/regs_reg[13][4]/Q (HIGH)

 There are 240 register/latch pins with no clock driven by root clock pin: Reg_file_inst/regs_reg[13][5]/Q (HIGH)

 There are 240 register/latch pins with no clock driven by root clock pin: Reg_file_inst/regs_reg[13][6]/Q (HIGH)

 There are 240 register/latch pins with no clock driven by root clock pin: Reg_file_inst/regs_reg[13][7]/Q (HIGH)

 There are 240 register/latch pins with no clock driven by root clock pin: Reg_file_inst/regs_reg[13][8]/Q (HIGH)

 There are 240 register/latch pins with no clock driven by root clock pin: Reg_file_inst/regs_reg[13][9]/Q (HIGH)

 There are 240 register/latch pins with no clock driven by root clock pin: Reg_file_inst/regs_reg[14][0]/Q (HIGH)

 There are 240 register/latch pins with no clock driven by root clock pin: Reg_file_inst/regs_reg[14][10]/Q (HIGH)

 There are 240 register/latch pins with no clock driven by root clock pin: Reg_file_inst/regs_reg[14][11]/Q (HIGH)

 There are 240 register/latch pins with no clock driven by root clock pin: Reg_file_inst/regs_reg[14][12]/Q (HIGH)

 There are 240 register/latch pins with no clock driven by root clock pin: Reg_file_inst/regs_reg[14][13]/Q (HIGH)

 There are 240 register/latch pins with no clock driven by root clock pin: Reg_file_inst/regs_reg[14][14]/Q (HIGH)

 There are 240 register/latch pins with no clock driven by root clock pin: Reg_file_inst/regs_reg[14][15]/Q (HIGH)

 There are 240 register/latch pins with no clock driven by root clock pin: Reg_file_inst/regs_reg[14][16]/Q (HIGH)

 There are 240 register/latch pins with no clock driven by root clock pin: Reg_file_inst/regs_reg[14][17]/Q (HIGH)

 There are 240 register/latch pins with no clock driven by root clock pin: Reg_file_inst/regs_reg[14][18]/Q (HIGH)

 There are 240 register/latch pins with no clock driven by root clock pin: Reg_file_inst/regs_reg[14][19]/Q (HIGH)

 There are 240 register/latch pins with no clock driven by root clock pin: Reg_file_inst/regs_reg[14][1]/Q (HIGH)

 There are 240 register/latch pins with no clock driven by root clock pin: Reg_file_inst/regs_reg[14][20]/Q (HIGH)

 There are 240 register/latch pins with no clock driven by root clock pin: Reg_file_inst/regs_reg[14][21]/Q (HIGH)

 There are 240 register/latch pins with no clock driven by root clock pin: Reg_file_inst/regs_reg[14][22]/Q (HIGH)

 There are 240 register/latch pins with no clock driven by root clock pin: Reg_file_inst/regs_reg[14][23]/Q (HIGH)

 There are 240 register/latch pins with no clock driven by root clock pin: Reg_file_inst/regs_reg[14][24]/Q (HIGH)

 There are 240 register/latch pins with no clock driven by root clock pin: Reg_file_inst/regs_reg[14][25]/Q (HIGH)

 There are 240 register/latch pins with no clock driven by root clock pin: Reg_file_inst/regs_reg[14][26]/Q (HIGH)

 There are 240 register/latch pins with no clock driven by root clock pin: Reg_file_inst/regs_reg[14][27]/Q (HIGH)

 There are 240 register/latch pins with no clock driven by root clock pin: Reg_file_inst/regs_reg[14][28]/Q (HIGH)

 There are 240 register/latch pins with no clock driven by root clock pin: Reg_file_inst/regs_reg[14][29]/Q (HIGH)

 There are 240 register/latch pins with no clock driven by root clock pin: Reg_file_inst/regs_reg[14][2]/Q (HIGH)

 There are 240 register/latch pins with no clock driven by root clock pin: Reg_file_inst/regs_reg[14][30]/Q (HIGH)

 There are 240 register/latch pins with no clock driven by root clock pin: Reg_file_inst/regs_reg[14][31]/Q (HIGH)

 There are 240 register/latch pins with no clock driven by root clock pin: Reg_file_inst/regs_reg[14][3]/Q (HIGH)

 There are 240 register/latch pins with no clock driven by root clock pin: Reg_file_inst/regs_reg[14][4]/Q (HIGH)

 There are 240 register/latch pins with no clock driven by root clock pin: Reg_file_inst/regs_reg[14][5]/Q (HIGH)

 There are 240 register/latch pins with no clock driven by root clock pin: Reg_file_inst/regs_reg[14][6]/Q (HIGH)

 There are 240 register/latch pins with no clock driven by root clock pin: Reg_file_inst/regs_reg[14][7]/Q (HIGH)

 There are 240 register/latch pins with no clock driven by root clock pin: Reg_file_inst/regs_reg[14][8]/Q (HIGH)

 There are 240 register/latch pins with no clock driven by root clock pin: Reg_file_inst/regs_reg[14][9]/Q (HIGH)

 There are 240 register/latch pins with no clock driven by root clock pin: Reg_file_inst/regs_reg[15][0]/Q (HIGH)

 There are 240 register/latch pins with no clock driven by root clock pin: Reg_file_inst/regs_reg[15][10]/Q (HIGH)

 There are 240 register/latch pins with no clock driven by root clock pin: Reg_file_inst/regs_reg[15][11]/Q (HIGH)

 There are 240 register/latch pins with no clock driven by root clock pin: Reg_file_inst/regs_reg[15][12]/Q (HIGH)

 There are 240 register/latch pins with no clock driven by root clock pin: Reg_file_inst/regs_reg[15][13]/Q (HIGH)

 There are 240 register/latch pins with no clock driven by root clock pin: Reg_file_inst/regs_reg[15][14]/Q (HIGH)

 There are 240 register/latch pins with no clock driven by root clock pin: Reg_file_inst/regs_reg[15][15]/Q (HIGH)

 There are 240 register/latch pins with no clock driven by root clock pin: Reg_file_inst/regs_reg[15][16]/Q (HIGH)

 There are 240 register/latch pins with no clock driven by root clock pin: Reg_file_inst/regs_reg[15][17]/Q (HIGH)

 There are 240 register/latch pins with no clock driven by root clock pin: Reg_file_inst/regs_reg[15][18]/Q (HIGH)

 There are 240 register/latch pins with no clock driven by root clock pin: Reg_file_inst/regs_reg[15][19]/Q (HIGH)

 There are 240 register/latch pins with no clock driven by root clock pin: Reg_file_inst/regs_reg[15][1]/Q (HIGH)

 There are 240 register/latch pins with no clock driven by root clock pin: Reg_file_inst/regs_reg[15][20]/Q (HIGH)

 There are 240 register/latch pins with no clock driven by root clock pin: Reg_file_inst/regs_reg[15][21]/Q (HIGH)

 There are 240 register/latch pins with no clock driven by root clock pin: Reg_file_inst/regs_reg[15][22]/Q (HIGH)

 There are 240 register/latch pins with no clock driven by root clock pin: Reg_file_inst/regs_reg[15][23]/Q (HIGH)

 There are 240 register/latch pins with no clock driven by root clock pin: Reg_file_inst/regs_reg[15][24]/Q (HIGH)

 There are 240 register/latch pins with no clock driven by root clock pin: Reg_file_inst/regs_reg[15][25]/Q (HIGH)

 There are 240 register/latch pins with no clock driven by root clock pin: Reg_file_inst/regs_reg[15][26]/Q (HIGH)

 There are 240 register/latch pins with no clock driven by root clock pin: Reg_file_inst/regs_reg[15][27]/Q (HIGH)

 There are 240 register/latch pins with no clock driven by root clock pin: Reg_file_inst/regs_reg[15][28]/Q (HIGH)

 There are 240 register/latch pins with no clock driven by root clock pin: Reg_file_inst/regs_reg[15][29]/Q (HIGH)

 There are 240 register/latch pins with no clock driven by root clock pin: Reg_file_inst/regs_reg[15][2]/Q (HIGH)

 There are 240 register/latch pins with no clock driven by root clock pin: Reg_file_inst/regs_reg[15][30]/Q (HIGH)

 There are 240 register/latch pins with no clock driven by root clock pin: Reg_file_inst/regs_reg[15][31]/Q (HIGH)

 There are 240 register/latch pins with no clock driven by root clock pin: Reg_file_inst/regs_reg[15][3]/Q (HIGH)

 There are 240 register/latch pins with no clock driven by root clock pin: Reg_file_inst/regs_reg[15][4]/Q (HIGH)

 There are 240 register/latch pins with no clock driven by root clock pin: Reg_file_inst/regs_reg[15][5]/Q (HIGH)

 There are 240 register/latch pins with no clock driven by root clock pin: Reg_file_inst/regs_reg[15][6]/Q (HIGH)

 There are 240 register/latch pins with no clock driven by root clock pin: Reg_file_inst/regs_reg[15][7]/Q (HIGH)

 There are 240 register/latch pins with no clock driven by root clock pin: Reg_file_inst/regs_reg[15][8]/Q (HIGH)

 There are 240 register/latch pins with no clock driven by root clock pin: Reg_file_inst/regs_reg[15][9]/Q (HIGH)

 There are 240 register/latch pins with no clock driven by root clock pin: Reg_file_inst/regs_reg[16][0]/Q (HIGH)

 There are 240 register/latch pins with no clock driven by root clock pin: Reg_file_inst/regs_reg[16][10]/Q (HIGH)

 There are 240 register/latch pins with no clock driven by root clock pin: Reg_file_inst/regs_reg[16][11]/Q (HIGH)

 There are 240 register/latch pins with no clock driven by root clock pin: Reg_file_inst/regs_reg[16][12]/Q (HIGH)

 There are 240 register/latch pins with no clock driven by root clock pin: Reg_file_inst/regs_reg[16][13]/Q (HIGH)

 There are 240 register/latch pins with no clock driven by root clock pin: Reg_file_inst/regs_reg[16][14]/Q (HIGH)

 There are 240 register/latch pins with no clock driven by root clock pin: Reg_file_inst/regs_reg[16][15]/Q (HIGH)

 There are 240 register/latch pins with no clock driven by root clock pin: Reg_file_inst/regs_reg[16][16]/Q (HIGH)

 There are 240 register/latch pins with no clock driven by root clock pin: Reg_file_inst/regs_reg[16][17]/Q (HIGH)

 There are 240 register/latch pins with no clock driven by root clock pin: Reg_file_inst/regs_reg[16][18]/Q (HIGH)

 There are 240 register/latch pins with no clock driven by root clock pin: Reg_file_inst/regs_reg[16][19]/Q (HIGH)

 There are 240 register/latch pins with no clock driven by root clock pin: Reg_file_inst/regs_reg[16][1]/Q (HIGH)

 There are 240 register/latch pins with no clock driven by root clock pin: Reg_file_inst/regs_reg[16][20]/Q (HIGH)

 There are 240 register/latch pins with no clock driven by root clock pin: Reg_file_inst/regs_reg[16][21]/Q (HIGH)

 There are 240 register/latch pins with no clock driven by root clock pin: Reg_file_inst/regs_reg[16][22]/Q (HIGH)

 There are 240 register/latch pins with no clock driven by root clock pin: Reg_file_inst/regs_reg[16][23]/Q (HIGH)

 There are 240 register/latch pins with no clock driven by root clock pin: Reg_file_inst/regs_reg[16][24]/Q (HIGH)

 There are 240 register/latch pins with no clock driven by root clock pin: Reg_file_inst/regs_reg[16][25]/Q (HIGH)

 There are 240 register/latch pins with no clock driven by root clock pin: Reg_file_inst/regs_reg[16][26]/Q (HIGH)

 There are 240 register/latch pins with no clock driven by root clock pin: Reg_file_inst/regs_reg[16][27]/Q (HIGH)

 There are 240 register/latch pins with no clock driven by root clock pin: Reg_file_inst/regs_reg[16][28]/Q (HIGH)

 There are 240 register/latch pins with no clock driven by root clock pin: Reg_file_inst/regs_reg[16][29]/Q (HIGH)

 There are 240 register/latch pins with no clock driven by root clock pin: Reg_file_inst/regs_reg[16][2]/Q (HIGH)

 There are 240 register/latch pins with no clock driven by root clock pin: Reg_file_inst/regs_reg[16][30]/Q (HIGH)

 There are 240 register/latch pins with no clock driven by root clock pin: Reg_file_inst/regs_reg[16][31]/Q (HIGH)

 There are 240 register/latch pins with no clock driven by root clock pin: Reg_file_inst/regs_reg[16][3]/Q (HIGH)

 There are 240 register/latch pins with no clock driven by root clock pin: Reg_file_inst/regs_reg[16][4]/Q (HIGH)

 There are 240 register/latch pins with no clock driven by root clock pin: Reg_file_inst/regs_reg[16][5]/Q (HIGH)

 There are 240 register/latch pins with no clock driven by root clock pin: Reg_file_inst/regs_reg[16][6]/Q (HIGH)

 There are 240 register/latch pins with no clock driven by root clock pin: Reg_file_inst/regs_reg[16][7]/Q (HIGH)

 There are 240 register/latch pins with no clock driven by root clock pin: Reg_file_inst/regs_reg[16][8]/Q (HIGH)

 There are 240 register/latch pins with no clock driven by root clock pin: Reg_file_inst/regs_reg[16][9]/Q (HIGH)

 There are 240 register/latch pins with no clock driven by root clock pin: Reg_file_inst/regs_reg[17][0]/Q (HIGH)

 There are 240 register/latch pins with no clock driven by root clock pin: Reg_file_inst/regs_reg[17][10]/Q (HIGH)

 There are 240 register/latch pins with no clock driven by root clock pin: Reg_file_inst/regs_reg[17][11]/Q (HIGH)

 There are 240 register/latch pins with no clock driven by root clock pin: Reg_file_inst/regs_reg[17][12]/Q (HIGH)

 There are 240 register/latch pins with no clock driven by root clock pin: Reg_file_inst/regs_reg[17][13]/Q (HIGH)

 There are 240 register/latch pins with no clock driven by root clock pin: Reg_file_inst/regs_reg[17][14]/Q (HIGH)

 There are 240 register/latch pins with no clock driven by root clock pin: Reg_file_inst/regs_reg[17][15]/Q (HIGH)

 There are 240 register/latch pins with no clock driven by root clock pin: Reg_file_inst/regs_reg[17][16]/Q (HIGH)

 There are 240 register/latch pins with no clock driven by root clock pin: Reg_file_inst/regs_reg[17][17]/Q (HIGH)

 There are 240 register/latch pins with no clock driven by root clock pin: Reg_file_inst/regs_reg[17][18]/Q (HIGH)

 There are 240 register/latch pins with no clock driven by root clock pin: Reg_file_inst/regs_reg[17][19]/Q (HIGH)

 There are 240 register/latch pins with no clock driven by root clock pin: Reg_file_inst/regs_reg[17][1]/Q (HIGH)

 There are 240 register/latch pins with no clock driven by root clock pin: Reg_file_inst/regs_reg[17][20]/Q (HIGH)

 There are 240 register/latch pins with no clock driven by root clock pin: Reg_file_inst/regs_reg[17][21]/Q (HIGH)

 There are 240 register/latch pins with no clock driven by root clock pin: Reg_file_inst/regs_reg[17][22]/Q (HIGH)

 There are 240 register/latch pins with no clock driven by root clock pin: Reg_file_inst/regs_reg[17][23]/Q (HIGH)

 There are 240 register/latch pins with no clock driven by root clock pin: Reg_file_inst/regs_reg[17][24]/Q (HIGH)

 There are 240 register/latch pins with no clock driven by root clock pin: Reg_file_inst/regs_reg[17][25]/Q (HIGH)

 There are 240 register/latch pins with no clock driven by root clock pin: Reg_file_inst/regs_reg[17][26]/Q (HIGH)

 There are 240 register/latch pins with no clock driven by root clock pin: Reg_file_inst/regs_reg[17][27]/Q (HIGH)

 There are 240 register/latch pins with no clock driven by root clock pin: Reg_file_inst/regs_reg[17][28]/Q (HIGH)

 There are 240 register/latch pins with no clock driven by root clock pin: Reg_file_inst/regs_reg[17][29]/Q (HIGH)

 There are 240 register/latch pins with no clock driven by root clock pin: Reg_file_inst/regs_reg[17][2]/Q (HIGH)

 There are 240 register/latch pins with no clock driven by root clock pin: Reg_file_inst/regs_reg[17][30]/Q (HIGH)

 There are 240 register/latch pins with no clock driven by root clock pin: Reg_file_inst/regs_reg[17][31]/Q (HIGH)

 There are 240 register/latch pins with no clock driven by root clock pin: Reg_file_inst/regs_reg[17][3]/Q (HIGH)

 There are 240 register/latch pins with no clock driven by root clock pin: Reg_file_inst/regs_reg[17][4]/Q (HIGH)

 There are 240 register/latch pins with no clock driven by root clock pin: Reg_file_inst/regs_reg[17][5]/Q (HIGH)

 There are 240 register/latch pins with no clock driven by root clock pin: Reg_file_inst/regs_reg[17][6]/Q (HIGH)

 There are 240 register/latch pins with no clock driven by root clock pin: Reg_file_inst/regs_reg[17][7]/Q (HIGH)

 There are 240 register/latch pins with no clock driven by root clock pin: Reg_file_inst/regs_reg[17][8]/Q (HIGH)

 There are 240 register/latch pins with no clock driven by root clock pin: Reg_file_inst/regs_reg[17][9]/Q (HIGH)

 There are 240 register/latch pins with no clock driven by root clock pin: Reg_file_inst/regs_reg[18][0]/Q (HIGH)

 There are 240 register/latch pins with no clock driven by root clock pin: Reg_file_inst/regs_reg[18][10]/Q (HIGH)

 There are 240 register/latch pins with no clock driven by root clock pin: Reg_file_inst/regs_reg[18][11]/Q (HIGH)

 There are 240 register/latch pins with no clock driven by root clock pin: Reg_file_inst/regs_reg[18][12]/Q (HIGH)

 There are 240 register/latch pins with no clock driven by root clock pin: Reg_file_inst/regs_reg[18][13]/Q (HIGH)

 There are 240 register/latch pins with no clock driven by root clock pin: Reg_file_inst/regs_reg[18][14]/Q (HIGH)

 There are 240 register/latch pins with no clock driven by root clock pin: Reg_file_inst/regs_reg[18][15]/Q (HIGH)

 There are 240 register/latch pins with no clock driven by root clock pin: Reg_file_inst/regs_reg[18][16]/Q (HIGH)

 There are 240 register/latch pins with no clock driven by root clock pin: Reg_file_inst/regs_reg[18][17]/Q (HIGH)

 There are 240 register/latch pins with no clock driven by root clock pin: Reg_file_inst/regs_reg[18][18]/Q (HIGH)

 There are 240 register/latch pins with no clock driven by root clock pin: Reg_file_inst/regs_reg[18][19]/Q (HIGH)

 There are 240 register/latch pins with no clock driven by root clock pin: Reg_file_inst/regs_reg[18][1]/Q (HIGH)

 There are 240 register/latch pins with no clock driven by root clock pin: Reg_file_inst/regs_reg[18][20]/Q (HIGH)

 There are 240 register/latch pins with no clock driven by root clock pin: Reg_file_inst/regs_reg[18][21]/Q (HIGH)

 There are 240 register/latch pins with no clock driven by root clock pin: Reg_file_inst/regs_reg[18][22]/Q (HIGH)

 There are 240 register/latch pins with no clock driven by root clock pin: Reg_file_inst/regs_reg[18][23]/Q (HIGH)

 There are 240 register/latch pins with no clock driven by root clock pin: Reg_file_inst/regs_reg[18][24]/Q (HIGH)

 There are 240 register/latch pins with no clock driven by root clock pin: Reg_file_inst/regs_reg[18][25]/Q (HIGH)

 There are 240 register/latch pins with no clock driven by root clock pin: Reg_file_inst/regs_reg[18][26]/Q (HIGH)

 There are 240 register/latch pins with no clock driven by root clock pin: Reg_file_inst/regs_reg[18][27]/Q (HIGH)

 There are 240 register/latch pins with no clock driven by root clock pin: Reg_file_inst/regs_reg[18][28]/Q (HIGH)

 There are 240 register/latch pins with no clock driven by root clock pin: Reg_file_inst/regs_reg[18][29]/Q (HIGH)

 There are 240 register/latch pins with no clock driven by root clock pin: Reg_file_inst/regs_reg[18][2]/Q (HIGH)

 There are 240 register/latch pins with no clock driven by root clock pin: Reg_file_inst/regs_reg[18][30]/Q (HIGH)

 There are 240 register/latch pins with no clock driven by root clock pin: Reg_file_inst/regs_reg[18][31]/Q (HIGH)

 There are 240 register/latch pins with no clock driven by root clock pin: Reg_file_inst/regs_reg[18][3]/Q (HIGH)

 There are 240 register/latch pins with no clock driven by root clock pin: Reg_file_inst/regs_reg[18][4]/Q (HIGH)

 There are 240 register/latch pins with no clock driven by root clock pin: Reg_file_inst/regs_reg[18][5]/Q (HIGH)

 There are 240 register/latch pins with no clock driven by root clock pin: Reg_file_inst/regs_reg[18][6]/Q (HIGH)

 There are 240 register/latch pins with no clock driven by root clock pin: Reg_file_inst/regs_reg[18][7]/Q (HIGH)

 There are 240 register/latch pins with no clock driven by root clock pin: Reg_file_inst/regs_reg[18][8]/Q (HIGH)

 There are 240 register/latch pins with no clock driven by root clock pin: Reg_file_inst/regs_reg[18][9]/Q (HIGH)

 There are 240 register/latch pins with no clock driven by root clock pin: Reg_file_inst/regs_reg[19][0]/Q (HIGH)

 There are 240 register/latch pins with no clock driven by root clock pin: Reg_file_inst/regs_reg[19][10]/Q (HIGH)

 There are 240 register/latch pins with no clock driven by root clock pin: Reg_file_inst/regs_reg[19][11]/Q (HIGH)

 There are 240 register/latch pins with no clock driven by root clock pin: Reg_file_inst/regs_reg[19][12]/Q (HIGH)

 There are 240 register/latch pins with no clock driven by root clock pin: Reg_file_inst/regs_reg[19][13]/Q (HIGH)

 There are 240 register/latch pins with no clock driven by root clock pin: Reg_file_inst/regs_reg[19][14]/Q (HIGH)

 There are 240 register/latch pins with no clock driven by root clock pin: Reg_file_inst/regs_reg[19][15]/Q (HIGH)

 There are 240 register/latch pins with no clock driven by root clock pin: Reg_file_inst/regs_reg[19][16]/Q (HIGH)

 There are 240 register/latch pins with no clock driven by root clock pin: Reg_file_inst/regs_reg[19][17]/Q (HIGH)

 There are 240 register/latch pins with no clock driven by root clock pin: Reg_file_inst/regs_reg[19][18]/Q (HIGH)

 There are 240 register/latch pins with no clock driven by root clock pin: Reg_file_inst/regs_reg[19][19]/Q (HIGH)

 There are 240 register/latch pins with no clock driven by root clock pin: Reg_file_inst/regs_reg[19][1]/Q (HIGH)

 There are 240 register/latch pins with no clock driven by root clock pin: Reg_file_inst/regs_reg[19][20]/Q (HIGH)

 There are 240 register/latch pins with no clock driven by root clock pin: Reg_file_inst/regs_reg[19][21]/Q (HIGH)

 There are 240 register/latch pins with no clock driven by root clock pin: Reg_file_inst/regs_reg[19][22]/Q (HIGH)

 There are 240 register/latch pins with no clock driven by root clock pin: Reg_file_inst/regs_reg[19][23]/Q (HIGH)

 There are 240 register/latch pins with no clock driven by root clock pin: Reg_file_inst/regs_reg[19][24]/Q (HIGH)

 There are 240 register/latch pins with no clock driven by root clock pin: Reg_file_inst/regs_reg[19][25]/Q (HIGH)

 There are 240 register/latch pins with no clock driven by root clock pin: Reg_file_inst/regs_reg[19][26]/Q (HIGH)

 There are 240 register/latch pins with no clock driven by root clock pin: Reg_file_inst/regs_reg[19][27]/Q (HIGH)

 There are 240 register/latch pins with no clock driven by root clock pin: Reg_file_inst/regs_reg[19][28]/Q (HIGH)

 There are 240 register/latch pins with no clock driven by root clock pin: Reg_file_inst/regs_reg[19][29]/Q (HIGH)

 There are 240 register/latch pins with no clock driven by root clock pin: Reg_file_inst/regs_reg[19][2]/Q (HIGH)

 There are 240 register/latch pins with no clock driven by root clock pin: Reg_file_inst/regs_reg[19][30]/Q (HIGH)

 There are 240 register/latch pins with no clock driven by root clock pin: Reg_file_inst/regs_reg[19][31]/Q (HIGH)

 There are 240 register/latch pins with no clock driven by root clock pin: Reg_file_inst/regs_reg[19][3]/Q (HIGH)

 There are 240 register/latch pins with no clock driven by root clock pin: Reg_file_inst/regs_reg[19][4]/Q (HIGH)

 There are 240 register/latch pins with no clock driven by root clock pin: Reg_file_inst/regs_reg[19][5]/Q (HIGH)

 There are 240 register/latch pins with no clock driven by root clock pin: Reg_file_inst/regs_reg[19][6]/Q (HIGH)

 There are 240 register/latch pins with no clock driven by root clock pin: Reg_file_inst/regs_reg[19][7]/Q (HIGH)

 There are 240 register/latch pins with no clock driven by root clock pin: Reg_file_inst/regs_reg[19][8]/Q (HIGH)

 There are 240 register/latch pins with no clock driven by root clock pin: Reg_file_inst/regs_reg[19][9]/Q (HIGH)

 There are 240 register/latch pins with no clock driven by root clock pin: Reg_file_inst/regs_reg[1][0]/Q (HIGH)

 There are 240 register/latch pins with no clock driven by root clock pin: Reg_file_inst/regs_reg[1][10]/Q (HIGH)

 There are 240 register/latch pins with no clock driven by root clock pin: Reg_file_inst/regs_reg[1][11]/Q (HIGH)

 There are 240 register/latch pins with no clock driven by root clock pin: Reg_file_inst/regs_reg[1][12]/Q (HIGH)

 There are 240 register/latch pins with no clock driven by root clock pin: Reg_file_inst/regs_reg[1][13]/Q (HIGH)

 There are 240 register/latch pins with no clock driven by root clock pin: Reg_file_inst/regs_reg[1][14]/Q (HIGH)

 There are 240 register/latch pins with no clock driven by root clock pin: Reg_file_inst/regs_reg[1][15]/Q (HIGH)

 There are 240 register/latch pins with no clock driven by root clock pin: Reg_file_inst/regs_reg[1][16]/Q (HIGH)

 There are 240 register/latch pins with no clock driven by root clock pin: Reg_file_inst/regs_reg[1][17]/Q (HIGH)

 There are 240 register/latch pins with no clock driven by root clock pin: Reg_file_inst/regs_reg[1][18]/Q (HIGH)

 There are 240 register/latch pins with no clock driven by root clock pin: Reg_file_inst/regs_reg[1][19]/Q (HIGH)

 There are 240 register/latch pins with no clock driven by root clock pin: Reg_file_inst/regs_reg[1][1]/Q (HIGH)

 There are 240 register/latch pins with no clock driven by root clock pin: Reg_file_inst/regs_reg[1][20]/Q (HIGH)

 There are 240 register/latch pins with no clock driven by root clock pin: Reg_file_inst/regs_reg[1][21]/Q (HIGH)

 There are 240 register/latch pins with no clock driven by root clock pin: Reg_file_inst/regs_reg[1][22]/Q (HIGH)

 There are 240 register/latch pins with no clock driven by root clock pin: Reg_file_inst/regs_reg[1][23]/Q (HIGH)

 There are 240 register/latch pins with no clock driven by root clock pin: Reg_file_inst/regs_reg[1][24]/Q (HIGH)

 There are 240 register/latch pins with no clock driven by root clock pin: Reg_file_inst/regs_reg[1][25]/Q (HIGH)

 There are 240 register/latch pins with no clock driven by root clock pin: Reg_file_inst/regs_reg[1][26]/Q (HIGH)

 There are 240 register/latch pins with no clock driven by root clock pin: Reg_file_inst/regs_reg[1][27]/Q (HIGH)

 There are 240 register/latch pins with no clock driven by root clock pin: Reg_file_inst/regs_reg[1][28]/Q (HIGH)

 There are 240 register/latch pins with no clock driven by root clock pin: Reg_file_inst/regs_reg[1][29]/Q (HIGH)

 There are 240 register/latch pins with no clock driven by root clock pin: Reg_file_inst/regs_reg[1][2]/Q (HIGH)

 There are 240 register/latch pins with no clock driven by root clock pin: Reg_file_inst/regs_reg[1][30]/Q (HIGH)

 There are 240 register/latch pins with no clock driven by root clock pin: Reg_file_inst/regs_reg[1][31]/Q (HIGH)

 There are 240 register/latch pins with no clock driven by root clock pin: Reg_file_inst/regs_reg[1][3]/Q (HIGH)

 There are 240 register/latch pins with no clock driven by root clock pin: Reg_file_inst/regs_reg[1][4]/Q (HIGH)

 There are 240 register/latch pins with no clock driven by root clock pin: Reg_file_inst/regs_reg[1][5]/Q (HIGH)

 There are 240 register/latch pins with no clock driven by root clock pin: Reg_file_inst/regs_reg[1][6]/Q (HIGH)

 There are 240 register/latch pins with no clock driven by root clock pin: Reg_file_inst/regs_reg[1][7]/Q (HIGH)

 There are 240 register/latch pins with no clock driven by root clock pin: Reg_file_inst/regs_reg[1][8]/Q (HIGH)

 There are 240 register/latch pins with no clock driven by root clock pin: Reg_file_inst/regs_reg[1][9]/Q (HIGH)

 There are 240 register/latch pins with no clock driven by root clock pin: Reg_file_inst/regs_reg[20][0]/Q (HIGH)

 There are 240 register/latch pins with no clock driven by root clock pin: Reg_file_inst/regs_reg[20][10]/Q (HIGH)

 There are 240 register/latch pins with no clock driven by root clock pin: Reg_file_inst/regs_reg[20][11]/Q (HIGH)

 There are 240 register/latch pins with no clock driven by root clock pin: Reg_file_inst/regs_reg[20][12]/Q (HIGH)

 There are 240 register/latch pins with no clock driven by root clock pin: Reg_file_inst/regs_reg[20][13]/Q (HIGH)

 There are 240 register/latch pins with no clock driven by root clock pin: Reg_file_inst/regs_reg[20][14]/Q (HIGH)

 There are 240 register/latch pins with no clock driven by root clock pin: Reg_file_inst/regs_reg[20][15]/Q (HIGH)

 There are 240 register/latch pins with no clock driven by root clock pin: Reg_file_inst/regs_reg[20][16]/Q (HIGH)

 There are 240 register/latch pins with no clock driven by root clock pin: Reg_file_inst/regs_reg[20][17]/Q (HIGH)

 There are 240 register/latch pins with no clock driven by root clock pin: Reg_file_inst/regs_reg[20][18]/Q (HIGH)

 There are 240 register/latch pins with no clock driven by root clock pin: Reg_file_inst/regs_reg[20][19]/Q (HIGH)

 There are 240 register/latch pins with no clock driven by root clock pin: Reg_file_inst/regs_reg[20][1]/Q (HIGH)

 There are 240 register/latch pins with no clock driven by root clock pin: Reg_file_inst/regs_reg[20][20]/Q (HIGH)

 There are 240 register/latch pins with no clock driven by root clock pin: Reg_file_inst/regs_reg[20][21]/Q (HIGH)

 There are 240 register/latch pins with no clock driven by root clock pin: Reg_file_inst/regs_reg[20][22]/Q (HIGH)

 There are 240 register/latch pins with no clock driven by root clock pin: Reg_file_inst/regs_reg[20][23]/Q (HIGH)

 There are 240 register/latch pins with no clock driven by root clock pin: Reg_file_inst/regs_reg[20][24]/Q (HIGH)

 There are 240 register/latch pins with no clock driven by root clock pin: Reg_file_inst/regs_reg[20][25]/Q (HIGH)

 There are 240 register/latch pins with no clock driven by root clock pin: Reg_file_inst/regs_reg[20][26]/Q (HIGH)

 There are 240 register/latch pins with no clock driven by root clock pin: Reg_file_inst/regs_reg[20][27]/Q (HIGH)

 There are 240 register/latch pins with no clock driven by root clock pin: Reg_file_inst/regs_reg[20][28]/Q (HIGH)

 There are 240 register/latch pins with no clock driven by root clock pin: Reg_file_inst/regs_reg[20][29]/Q (HIGH)

 There are 240 register/latch pins with no clock driven by root clock pin: Reg_file_inst/regs_reg[20][2]/Q (HIGH)

 There are 240 register/latch pins with no clock driven by root clock pin: Reg_file_inst/regs_reg[20][30]/Q (HIGH)

 There are 240 register/latch pins with no clock driven by root clock pin: Reg_file_inst/regs_reg[20][31]/Q (HIGH)

 There are 240 register/latch pins with no clock driven by root clock pin: Reg_file_inst/regs_reg[20][3]/Q (HIGH)

 There are 240 register/latch pins with no clock driven by root clock pin: Reg_file_inst/regs_reg[20][4]/Q (HIGH)

 There are 240 register/latch pins with no clock driven by root clock pin: Reg_file_inst/regs_reg[20][5]/Q (HIGH)

 There are 240 register/latch pins with no clock driven by root clock pin: Reg_file_inst/regs_reg[20][6]/Q (HIGH)

 There are 240 register/latch pins with no clock driven by root clock pin: Reg_file_inst/regs_reg[20][7]/Q (HIGH)

 There are 240 register/latch pins with no clock driven by root clock pin: Reg_file_inst/regs_reg[20][8]/Q (HIGH)

 There are 240 register/latch pins with no clock driven by root clock pin: Reg_file_inst/regs_reg[20][9]/Q (HIGH)

 There are 240 register/latch pins with no clock driven by root clock pin: Reg_file_inst/regs_reg[21][0]/Q (HIGH)

 There are 240 register/latch pins with no clock driven by root clock pin: Reg_file_inst/regs_reg[21][10]/Q (HIGH)

 There are 240 register/latch pins with no clock driven by root clock pin: Reg_file_inst/regs_reg[21][11]/Q (HIGH)

 There are 240 register/latch pins with no clock driven by root clock pin: Reg_file_inst/regs_reg[21][12]/Q (HIGH)

 There are 240 register/latch pins with no clock driven by root clock pin: Reg_file_inst/regs_reg[21][13]/Q (HIGH)

 There are 240 register/latch pins with no clock driven by root clock pin: Reg_file_inst/regs_reg[21][14]/Q (HIGH)

 There are 240 register/latch pins with no clock driven by root clock pin: Reg_file_inst/regs_reg[21][15]/Q (HIGH)

 There are 240 register/latch pins with no clock driven by root clock pin: Reg_file_inst/regs_reg[21][16]/Q (HIGH)

 There are 240 register/latch pins with no clock driven by root clock pin: Reg_file_inst/regs_reg[21][17]/Q (HIGH)

 There are 240 register/latch pins with no clock driven by root clock pin: Reg_file_inst/regs_reg[21][18]/Q (HIGH)

 There are 240 register/latch pins with no clock driven by root clock pin: Reg_file_inst/regs_reg[21][19]/Q (HIGH)

 There are 240 register/latch pins with no clock driven by root clock pin: Reg_file_inst/regs_reg[21][1]/Q (HIGH)

 There are 240 register/latch pins with no clock driven by root clock pin: Reg_file_inst/regs_reg[21][20]/Q (HIGH)

 There are 240 register/latch pins with no clock driven by root clock pin: Reg_file_inst/regs_reg[21][21]/Q (HIGH)

 There are 240 register/latch pins with no clock driven by root clock pin: Reg_file_inst/regs_reg[21][22]/Q (HIGH)

 There are 240 register/latch pins with no clock driven by root clock pin: Reg_file_inst/regs_reg[21][23]/Q (HIGH)

 There are 240 register/latch pins with no clock driven by root clock pin: Reg_file_inst/regs_reg[21][24]/Q (HIGH)

 There are 240 register/latch pins with no clock driven by root clock pin: Reg_file_inst/regs_reg[21][25]/Q (HIGH)

 There are 240 register/latch pins with no clock driven by root clock pin: Reg_file_inst/regs_reg[21][26]/Q (HIGH)

 There are 240 register/latch pins with no clock driven by root clock pin: Reg_file_inst/regs_reg[21][27]/Q (HIGH)

 There are 240 register/latch pins with no clock driven by root clock pin: Reg_file_inst/regs_reg[21][28]/Q (HIGH)

 There are 240 register/latch pins with no clock driven by root clock pin: Reg_file_inst/regs_reg[21][29]/Q (HIGH)

 There are 240 register/latch pins with no clock driven by root clock pin: Reg_file_inst/regs_reg[21][2]/Q (HIGH)

 There are 240 register/latch pins with no clock driven by root clock pin: Reg_file_inst/regs_reg[21][30]/Q (HIGH)

 There are 240 register/latch pins with no clock driven by root clock pin: Reg_file_inst/regs_reg[21][31]/Q (HIGH)

 There are 240 register/latch pins with no clock driven by root clock pin: Reg_file_inst/regs_reg[21][3]/Q (HIGH)

 There are 240 register/latch pins with no clock driven by root clock pin: Reg_file_inst/regs_reg[21][4]/Q (HIGH)

 There are 240 register/latch pins with no clock driven by root clock pin: Reg_file_inst/regs_reg[21][5]/Q (HIGH)

 There are 240 register/latch pins with no clock driven by root clock pin: Reg_file_inst/regs_reg[21][6]/Q (HIGH)

 There are 240 register/latch pins with no clock driven by root clock pin: Reg_file_inst/regs_reg[21][7]/Q (HIGH)

 There are 240 register/latch pins with no clock driven by root clock pin: Reg_file_inst/regs_reg[21][8]/Q (HIGH)

 There are 240 register/latch pins with no clock driven by root clock pin: Reg_file_inst/regs_reg[21][9]/Q (HIGH)

 There are 240 register/latch pins with no clock driven by root clock pin: Reg_file_inst/regs_reg[22][0]/Q (HIGH)

 There are 240 register/latch pins with no clock driven by root clock pin: Reg_file_inst/regs_reg[22][10]/Q (HIGH)

 There are 240 register/latch pins with no clock driven by root clock pin: Reg_file_inst/regs_reg[22][11]/Q (HIGH)

 There are 240 register/latch pins with no clock driven by root clock pin: Reg_file_inst/regs_reg[22][12]/Q (HIGH)

 There are 240 register/latch pins with no clock driven by root clock pin: Reg_file_inst/regs_reg[22][13]/Q (HIGH)

 There are 240 register/latch pins with no clock driven by root clock pin: Reg_file_inst/regs_reg[22][14]/Q (HIGH)

 There are 240 register/latch pins with no clock driven by root clock pin: Reg_file_inst/regs_reg[22][15]/Q (HIGH)

 There are 240 register/latch pins with no clock driven by root clock pin: Reg_file_inst/regs_reg[22][16]/Q (HIGH)

 There are 240 register/latch pins with no clock driven by root clock pin: Reg_file_inst/regs_reg[22][17]/Q (HIGH)

 There are 240 register/latch pins with no clock driven by root clock pin: Reg_file_inst/regs_reg[22][18]/Q (HIGH)

 There are 240 register/latch pins with no clock driven by root clock pin: Reg_file_inst/regs_reg[22][19]/Q (HIGH)

 There are 240 register/latch pins with no clock driven by root clock pin: Reg_file_inst/regs_reg[22][1]/Q (HIGH)

 There are 240 register/latch pins with no clock driven by root clock pin: Reg_file_inst/regs_reg[22][20]/Q (HIGH)

 There are 240 register/latch pins with no clock driven by root clock pin: Reg_file_inst/regs_reg[22][21]/Q (HIGH)

 There are 240 register/latch pins with no clock driven by root clock pin: Reg_file_inst/regs_reg[22][22]/Q (HIGH)

 There are 240 register/latch pins with no clock driven by root clock pin: Reg_file_inst/regs_reg[22][23]/Q (HIGH)

 There are 240 register/latch pins with no clock driven by root clock pin: Reg_file_inst/regs_reg[22][24]/Q (HIGH)

 There are 240 register/latch pins with no clock driven by root clock pin: Reg_file_inst/regs_reg[22][25]/Q (HIGH)

 There are 240 register/latch pins with no clock driven by root clock pin: Reg_file_inst/regs_reg[22][26]/Q (HIGH)

 There are 240 register/latch pins with no clock driven by root clock pin: Reg_file_inst/regs_reg[22][27]/Q (HIGH)

 There are 240 register/latch pins with no clock driven by root clock pin: Reg_file_inst/regs_reg[22][28]/Q (HIGH)

 There are 240 register/latch pins with no clock driven by root clock pin: Reg_file_inst/regs_reg[22][29]/Q (HIGH)

 There are 240 register/latch pins with no clock driven by root clock pin: Reg_file_inst/regs_reg[22][2]/Q (HIGH)

 There are 240 register/latch pins with no clock driven by root clock pin: Reg_file_inst/regs_reg[22][30]/Q (HIGH)

 There are 240 register/latch pins with no clock driven by root clock pin: Reg_file_inst/regs_reg[22][31]/Q (HIGH)

 There are 240 register/latch pins with no clock driven by root clock pin: Reg_file_inst/regs_reg[22][3]/Q (HIGH)

 There are 240 register/latch pins with no clock driven by root clock pin: Reg_file_inst/regs_reg[22][4]/Q (HIGH)

 There are 240 register/latch pins with no clock driven by root clock pin: Reg_file_inst/regs_reg[22][5]/Q (HIGH)

 There are 240 register/latch pins with no clock driven by root clock pin: Reg_file_inst/regs_reg[22][6]/Q (HIGH)

 There are 240 register/latch pins with no clock driven by root clock pin: Reg_file_inst/regs_reg[22][7]/Q (HIGH)

 There are 240 register/latch pins with no clock driven by root clock pin: Reg_file_inst/regs_reg[22][8]/Q (HIGH)

 There are 240 register/latch pins with no clock driven by root clock pin: Reg_file_inst/regs_reg[22][9]/Q (HIGH)

 There are 240 register/latch pins with no clock driven by root clock pin: Reg_file_inst/regs_reg[23][0]/Q (HIGH)

 There are 240 register/latch pins with no clock driven by root clock pin: Reg_file_inst/regs_reg[23][10]/Q (HIGH)

 There are 240 register/latch pins with no clock driven by root clock pin: Reg_file_inst/regs_reg[23][11]/Q (HIGH)

 There are 240 register/latch pins with no clock driven by root clock pin: Reg_file_inst/regs_reg[23][12]/Q (HIGH)

 There are 240 register/latch pins with no clock driven by root clock pin: Reg_file_inst/regs_reg[23][13]/Q (HIGH)

 There are 240 register/latch pins with no clock driven by root clock pin: Reg_file_inst/regs_reg[23][14]/Q (HIGH)

 There are 240 register/latch pins with no clock driven by root clock pin: Reg_file_inst/regs_reg[23][15]/Q (HIGH)

 There are 240 register/latch pins with no clock driven by root clock pin: Reg_file_inst/regs_reg[23][16]/Q (HIGH)

 There are 240 register/latch pins with no clock driven by root clock pin: Reg_file_inst/regs_reg[23][17]/Q (HIGH)

 There are 240 register/latch pins with no clock driven by root clock pin: Reg_file_inst/regs_reg[23][18]/Q (HIGH)

 There are 240 register/latch pins with no clock driven by root clock pin: Reg_file_inst/regs_reg[23][19]/Q (HIGH)

 There are 240 register/latch pins with no clock driven by root clock pin: Reg_file_inst/regs_reg[23][1]/Q (HIGH)

 There are 240 register/latch pins with no clock driven by root clock pin: Reg_file_inst/regs_reg[23][20]/Q (HIGH)

 There are 240 register/latch pins with no clock driven by root clock pin: Reg_file_inst/regs_reg[23][21]/Q (HIGH)

 There are 240 register/latch pins with no clock driven by root clock pin: Reg_file_inst/regs_reg[23][22]/Q (HIGH)

 There are 240 register/latch pins with no clock driven by root clock pin: Reg_file_inst/regs_reg[23][23]/Q (HIGH)

 There are 240 register/latch pins with no clock driven by root clock pin: Reg_file_inst/regs_reg[23][24]/Q (HIGH)

 There are 240 register/latch pins with no clock driven by root clock pin: Reg_file_inst/regs_reg[23][25]/Q (HIGH)

 There are 240 register/latch pins with no clock driven by root clock pin: Reg_file_inst/regs_reg[23][26]/Q (HIGH)

 There are 240 register/latch pins with no clock driven by root clock pin: Reg_file_inst/regs_reg[23][27]/Q (HIGH)

 There are 240 register/latch pins with no clock driven by root clock pin: Reg_file_inst/regs_reg[23][28]/Q (HIGH)

 There are 240 register/latch pins with no clock driven by root clock pin: Reg_file_inst/regs_reg[23][29]/Q (HIGH)

 There are 240 register/latch pins with no clock driven by root clock pin: Reg_file_inst/regs_reg[23][2]/Q (HIGH)

 There are 240 register/latch pins with no clock driven by root clock pin: Reg_file_inst/regs_reg[23][30]/Q (HIGH)

 There are 240 register/latch pins with no clock driven by root clock pin: Reg_file_inst/regs_reg[23][31]/Q (HIGH)

 There are 240 register/latch pins with no clock driven by root clock pin: Reg_file_inst/regs_reg[23][3]/Q (HIGH)

 There are 240 register/latch pins with no clock driven by root clock pin: Reg_file_inst/regs_reg[23][4]/Q (HIGH)

 There are 240 register/latch pins with no clock driven by root clock pin: Reg_file_inst/regs_reg[23][5]/Q (HIGH)

 There are 240 register/latch pins with no clock driven by root clock pin: Reg_file_inst/regs_reg[23][6]/Q (HIGH)

 There are 240 register/latch pins with no clock driven by root clock pin: Reg_file_inst/regs_reg[23][7]/Q (HIGH)

 There are 240 register/latch pins with no clock driven by root clock pin: Reg_file_inst/regs_reg[23][8]/Q (HIGH)

 There are 240 register/latch pins with no clock driven by root clock pin: Reg_file_inst/regs_reg[23][9]/Q (HIGH)

 There are 240 register/latch pins with no clock driven by root clock pin: Reg_file_inst/regs_reg[24][0]/Q (HIGH)

 There are 240 register/latch pins with no clock driven by root clock pin: Reg_file_inst/regs_reg[24][10]/Q (HIGH)

 There are 240 register/latch pins with no clock driven by root clock pin: Reg_file_inst/regs_reg[24][11]/Q (HIGH)

 There are 240 register/latch pins with no clock driven by root clock pin: Reg_file_inst/regs_reg[24][12]/Q (HIGH)

 There are 240 register/latch pins with no clock driven by root clock pin: Reg_file_inst/regs_reg[24][13]/Q (HIGH)

 There are 240 register/latch pins with no clock driven by root clock pin: Reg_file_inst/regs_reg[24][14]/Q (HIGH)

 There are 240 register/latch pins with no clock driven by root clock pin: Reg_file_inst/regs_reg[24][15]/Q (HIGH)

 There are 240 register/latch pins with no clock driven by root clock pin: Reg_file_inst/regs_reg[24][16]/Q (HIGH)

 There are 240 register/latch pins with no clock driven by root clock pin: Reg_file_inst/regs_reg[24][17]/Q (HIGH)

 There are 240 register/latch pins with no clock driven by root clock pin: Reg_file_inst/regs_reg[24][18]/Q (HIGH)

 There are 240 register/latch pins with no clock driven by root clock pin: Reg_file_inst/regs_reg[24][19]/Q (HIGH)

 There are 240 register/latch pins with no clock driven by root clock pin: Reg_file_inst/regs_reg[24][1]/Q (HIGH)

 There are 240 register/latch pins with no clock driven by root clock pin: Reg_file_inst/regs_reg[24][20]/Q (HIGH)

 There are 240 register/latch pins with no clock driven by root clock pin: Reg_file_inst/regs_reg[24][21]/Q (HIGH)

 There are 240 register/latch pins with no clock driven by root clock pin: Reg_file_inst/regs_reg[24][22]/Q (HIGH)

 There are 240 register/latch pins with no clock driven by root clock pin: Reg_file_inst/regs_reg[24][23]/Q (HIGH)

 There are 240 register/latch pins with no clock driven by root clock pin: Reg_file_inst/regs_reg[24][24]/Q (HIGH)

 There are 240 register/latch pins with no clock driven by root clock pin: Reg_file_inst/regs_reg[24][25]/Q (HIGH)

 There are 240 register/latch pins with no clock driven by root clock pin: Reg_file_inst/regs_reg[24][26]/Q (HIGH)

 There are 240 register/latch pins with no clock driven by root clock pin: Reg_file_inst/regs_reg[24][27]/Q (HIGH)

 There are 240 register/latch pins with no clock driven by root clock pin: Reg_file_inst/regs_reg[24][28]/Q (HIGH)

 There are 240 register/latch pins with no clock driven by root clock pin: Reg_file_inst/regs_reg[24][29]/Q (HIGH)

 There are 240 register/latch pins with no clock driven by root clock pin: Reg_file_inst/regs_reg[24][2]/Q (HIGH)

 There are 240 register/latch pins with no clock driven by root clock pin: Reg_file_inst/regs_reg[24][30]/Q (HIGH)

 There are 240 register/latch pins with no clock driven by root clock pin: Reg_file_inst/regs_reg[24][31]/Q (HIGH)

 There are 240 register/latch pins with no clock driven by root clock pin: Reg_file_inst/regs_reg[24][3]/Q (HIGH)

 There are 240 register/latch pins with no clock driven by root clock pin: Reg_file_inst/regs_reg[24][4]/Q (HIGH)

 There are 240 register/latch pins with no clock driven by root clock pin: Reg_file_inst/regs_reg[24][5]/Q (HIGH)

 There are 240 register/latch pins with no clock driven by root clock pin: Reg_file_inst/regs_reg[24][6]/Q (HIGH)

 There are 240 register/latch pins with no clock driven by root clock pin: Reg_file_inst/regs_reg[24][7]/Q (HIGH)

 There are 240 register/latch pins with no clock driven by root clock pin: Reg_file_inst/regs_reg[24][8]/Q (HIGH)

 There are 240 register/latch pins with no clock driven by root clock pin: Reg_file_inst/regs_reg[24][9]/Q (HIGH)

 There are 240 register/latch pins with no clock driven by root clock pin: Reg_file_inst/regs_reg[25][0]/Q (HIGH)

 There are 240 register/latch pins with no clock driven by root clock pin: Reg_file_inst/regs_reg[25][10]/Q (HIGH)

 There are 240 register/latch pins with no clock driven by root clock pin: Reg_file_inst/regs_reg[25][11]/Q (HIGH)

 There are 240 register/latch pins with no clock driven by root clock pin: Reg_file_inst/regs_reg[25][12]/Q (HIGH)

 There are 240 register/latch pins with no clock driven by root clock pin: Reg_file_inst/regs_reg[25][13]/Q (HIGH)

 There are 240 register/latch pins with no clock driven by root clock pin: Reg_file_inst/regs_reg[25][14]/Q (HIGH)

 There are 240 register/latch pins with no clock driven by root clock pin: Reg_file_inst/regs_reg[25][15]/Q (HIGH)

 There are 240 register/latch pins with no clock driven by root clock pin: Reg_file_inst/regs_reg[25][16]/Q (HIGH)

 There are 240 register/latch pins with no clock driven by root clock pin: Reg_file_inst/regs_reg[25][17]/Q (HIGH)

 There are 240 register/latch pins with no clock driven by root clock pin: Reg_file_inst/regs_reg[25][18]/Q (HIGH)

 There are 240 register/latch pins with no clock driven by root clock pin: Reg_file_inst/regs_reg[25][19]/Q (HIGH)

 There are 240 register/latch pins with no clock driven by root clock pin: Reg_file_inst/regs_reg[25][1]/Q (HIGH)

 There are 240 register/latch pins with no clock driven by root clock pin: Reg_file_inst/regs_reg[25][20]/Q (HIGH)

 There are 240 register/latch pins with no clock driven by root clock pin: Reg_file_inst/regs_reg[25][21]/Q (HIGH)

 There are 240 register/latch pins with no clock driven by root clock pin: Reg_file_inst/regs_reg[25][22]/Q (HIGH)

 There are 240 register/latch pins with no clock driven by root clock pin: Reg_file_inst/regs_reg[25][23]/Q (HIGH)

 There are 240 register/latch pins with no clock driven by root clock pin: Reg_file_inst/regs_reg[25][24]/Q (HIGH)

 There are 240 register/latch pins with no clock driven by root clock pin: Reg_file_inst/regs_reg[25][25]/Q (HIGH)

 There are 240 register/latch pins with no clock driven by root clock pin: Reg_file_inst/regs_reg[25][26]/Q (HIGH)

 There are 240 register/latch pins with no clock driven by root clock pin: Reg_file_inst/regs_reg[25][27]/Q (HIGH)

 There are 240 register/latch pins with no clock driven by root clock pin: Reg_file_inst/regs_reg[25][28]/Q (HIGH)

 There are 240 register/latch pins with no clock driven by root clock pin: Reg_file_inst/regs_reg[25][29]/Q (HIGH)

 There are 240 register/latch pins with no clock driven by root clock pin: Reg_file_inst/regs_reg[25][2]/Q (HIGH)

 There are 240 register/latch pins with no clock driven by root clock pin: Reg_file_inst/regs_reg[25][30]/Q (HIGH)

 There are 240 register/latch pins with no clock driven by root clock pin: Reg_file_inst/regs_reg[25][31]/Q (HIGH)

 There are 240 register/latch pins with no clock driven by root clock pin: Reg_file_inst/regs_reg[25][3]/Q (HIGH)

 There are 240 register/latch pins with no clock driven by root clock pin: Reg_file_inst/regs_reg[25][4]/Q (HIGH)

 There are 240 register/latch pins with no clock driven by root clock pin: Reg_file_inst/regs_reg[25][5]/Q (HIGH)

 There are 240 register/latch pins with no clock driven by root clock pin: Reg_file_inst/regs_reg[25][6]/Q (HIGH)

 There are 240 register/latch pins with no clock driven by root clock pin: Reg_file_inst/regs_reg[25][7]/Q (HIGH)

 There are 240 register/latch pins with no clock driven by root clock pin: Reg_file_inst/regs_reg[25][8]/Q (HIGH)

 There are 240 register/latch pins with no clock driven by root clock pin: Reg_file_inst/regs_reg[25][9]/Q (HIGH)

 There are 240 register/latch pins with no clock driven by root clock pin: Reg_file_inst/regs_reg[26][0]/Q (HIGH)

 There are 240 register/latch pins with no clock driven by root clock pin: Reg_file_inst/regs_reg[26][10]/Q (HIGH)

 There are 240 register/latch pins with no clock driven by root clock pin: Reg_file_inst/regs_reg[26][11]/Q (HIGH)

 There are 240 register/latch pins with no clock driven by root clock pin: Reg_file_inst/regs_reg[26][12]/Q (HIGH)

 There are 240 register/latch pins with no clock driven by root clock pin: Reg_file_inst/regs_reg[26][13]/Q (HIGH)

 There are 240 register/latch pins with no clock driven by root clock pin: Reg_file_inst/regs_reg[26][14]/Q (HIGH)

 There are 240 register/latch pins with no clock driven by root clock pin: Reg_file_inst/regs_reg[26][15]/Q (HIGH)

 There are 240 register/latch pins with no clock driven by root clock pin: Reg_file_inst/regs_reg[26][16]/Q (HIGH)

 There are 240 register/latch pins with no clock driven by root clock pin: Reg_file_inst/regs_reg[26][17]/Q (HIGH)

 There are 240 register/latch pins with no clock driven by root clock pin: Reg_file_inst/regs_reg[26][18]/Q (HIGH)

 There are 240 register/latch pins with no clock driven by root clock pin: Reg_file_inst/regs_reg[26][19]/Q (HIGH)

 There are 240 register/latch pins with no clock driven by root clock pin: Reg_file_inst/regs_reg[26][1]/Q (HIGH)

 There are 240 register/latch pins with no clock driven by root clock pin: Reg_file_inst/regs_reg[26][20]/Q (HIGH)

 There are 240 register/latch pins with no clock driven by root clock pin: Reg_file_inst/regs_reg[26][21]/Q (HIGH)

 There are 240 register/latch pins with no clock driven by root clock pin: Reg_file_inst/regs_reg[26][22]/Q (HIGH)

 There are 240 register/latch pins with no clock driven by root clock pin: Reg_file_inst/regs_reg[26][23]/Q (HIGH)

 There are 240 register/latch pins with no clock driven by root clock pin: Reg_file_inst/regs_reg[26][24]/Q (HIGH)

 There are 240 register/latch pins with no clock driven by root clock pin: Reg_file_inst/regs_reg[26][25]/Q (HIGH)

 There are 240 register/latch pins with no clock driven by root clock pin: Reg_file_inst/regs_reg[26][26]/Q (HIGH)

 There are 240 register/latch pins with no clock driven by root clock pin: Reg_file_inst/regs_reg[26][27]/Q (HIGH)

 There are 240 register/latch pins with no clock driven by root clock pin: Reg_file_inst/regs_reg[26][28]/Q (HIGH)

 There are 240 register/latch pins with no clock driven by root clock pin: Reg_file_inst/regs_reg[26][29]/Q (HIGH)

 There are 240 register/latch pins with no clock driven by root clock pin: Reg_file_inst/regs_reg[26][2]/Q (HIGH)

 There are 240 register/latch pins with no clock driven by root clock pin: Reg_file_inst/regs_reg[26][30]/Q (HIGH)

 There are 240 register/latch pins with no clock driven by root clock pin: Reg_file_inst/regs_reg[26][31]/Q (HIGH)

 There are 240 register/latch pins with no clock driven by root clock pin: Reg_file_inst/regs_reg[26][3]/Q (HIGH)

 There are 240 register/latch pins with no clock driven by root clock pin: Reg_file_inst/regs_reg[26][4]/Q (HIGH)

 There are 240 register/latch pins with no clock driven by root clock pin: Reg_file_inst/regs_reg[26][5]/Q (HIGH)

 There are 240 register/latch pins with no clock driven by root clock pin: Reg_file_inst/regs_reg[26][6]/Q (HIGH)

 There are 240 register/latch pins with no clock driven by root clock pin: Reg_file_inst/regs_reg[26][7]/Q (HIGH)

 There are 240 register/latch pins with no clock driven by root clock pin: Reg_file_inst/regs_reg[26][8]/Q (HIGH)

 There are 240 register/latch pins with no clock driven by root clock pin: Reg_file_inst/regs_reg[26][9]/Q (HIGH)

 There are 240 register/latch pins with no clock driven by root clock pin: Reg_file_inst/regs_reg[27][0]/Q (HIGH)

 There are 240 register/latch pins with no clock driven by root clock pin: Reg_file_inst/regs_reg[27][10]/Q (HIGH)

 There are 240 register/latch pins with no clock driven by root clock pin: Reg_file_inst/regs_reg[27][11]/Q (HIGH)

 There are 240 register/latch pins with no clock driven by root clock pin: Reg_file_inst/regs_reg[27][12]/Q (HIGH)

 There are 240 register/latch pins with no clock driven by root clock pin: Reg_file_inst/regs_reg[27][13]/Q (HIGH)

 There are 240 register/latch pins with no clock driven by root clock pin: Reg_file_inst/regs_reg[27][14]/Q (HIGH)

 There are 240 register/latch pins with no clock driven by root clock pin: Reg_file_inst/regs_reg[27][15]/Q (HIGH)

 There are 240 register/latch pins with no clock driven by root clock pin: Reg_file_inst/regs_reg[27][16]/Q (HIGH)

 There are 240 register/latch pins with no clock driven by root clock pin: Reg_file_inst/regs_reg[27][17]/Q (HIGH)

 There are 240 register/latch pins with no clock driven by root clock pin: Reg_file_inst/regs_reg[27][18]/Q (HIGH)

 There are 240 register/latch pins with no clock driven by root clock pin: Reg_file_inst/regs_reg[27][19]/Q (HIGH)

 There are 240 register/latch pins with no clock driven by root clock pin: Reg_file_inst/regs_reg[27][1]/Q (HIGH)

 There are 240 register/latch pins with no clock driven by root clock pin: Reg_file_inst/regs_reg[27][20]/Q (HIGH)

 There are 240 register/latch pins with no clock driven by root clock pin: Reg_file_inst/regs_reg[27][21]/Q (HIGH)

 There are 240 register/latch pins with no clock driven by root clock pin: Reg_file_inst/regs_reg[27][22]/Q (HIGH)

 There are 240 register/latch pins with no clock driven by root clock pin: Reg_file_inst/regs_reg[27][23]/Q (HIGH)

 There are 240 register/latch pins with no clock driven by root clock pin: Reg_file_inst/regs_reg[27][24]/Q (HIGH)

 There are 240 register/latch pins with no clock driven by root clock pin: Reg_file_inst/regs_reg[27][25]/Q (HIGH)

 There are 240 register/latch pins with no clock driven by root clock pin: Reg_file_inst/regs_reg[27][26]/Q (HIGH)

 There are 240 register/latch pins with no clock driven by root clock pin: Reg_file_inst/regs_reg[27][27]/Q (HIGH)

 There are 240 register/latch pins with no clock driven by root clock pin: Reg_file_inst/regs_reg[27][28]/Q (HIGH)

 There are 240 register/latch pins with no clock driven by root clock pin: Reg_file_inst/regs_reg[27][29]/Q (HIGH)

 There are 240 register/latch pins with no clock driven by root clock pin: Reg_file_inst/regs_reg[27][2]/Q (HIGH)

 There are 240 register/latch pins with no clock driven by root clock pin: Reg_file_inst/regs_reg[27][30]/Q (HIGH)

 There are 240 register/latch pins with no clock driven by root clock pin: Reg_file_inst/regs_reg[27][31]/Q (HIGH)

 There are 240 register/latch pins with no clock driven by root clock pin: Reg_file_inst/regs_reg[27][3]/Q (HIGH)

 There are 240 register/latch pins with no clock driven by root clock pin: Reg_file_inst/regs_reg[27][4]/Q (HIGH)

 There are 240 register/latch pins with no clock driven by root clock pin: Reg_file_inst/regs_reg[27][5]/Q (HIGH)

 There are 240 register/latch pins with no clock driven by root clock pin: Reg_file_inst/regs_reg[27][6]/Q (HIGH)

 There are 240 register/latch pins with no clock driven by root clock pin: Reg_file_inst/regs_reg[27][7]/Q (HIGH)

 There are 240 register/latch pins with no clock driven by root clock pin: Reg_file_inst/regs_reg[27][8]/Q (HIGH)

 There are 240 register/latch pins with no clock driven by root clock pin: Reg_file_inst/regs_reg[27][9]/Q (HIGH)

 There are 240 register/latch pins with no clock driven by root clock pin: Reg_file_inst/regs_reg[28][0]/Q (HIGH)

 There are 240 register/latch pins with no clock driven by root clock pin: Reg_file_inst/regs_reg[28][10]/Q (HIGH)

 There are 240 register/latch pins with no clock driven by root clock pin: Reg_file_inst/regs_reg[28][11]/Q (HIGH)

 There are 240 register/latch pins with no clock driven by root clock pin: Reg_file_inst/regs_reg[28][12]/Q (HIGH)

 There are 240 register/latch pins with no clock driven by root clock pin: Reg_file_inst/regs_reg[28][13]/Q (HIGH)

 There are 240 register/latch pins with no clock driven by root clock pin: Reg_file_inst/regs_reg[28][14]/Q (HIGH)

 There are 240 register/latch pins with no clock driven by root clock pin: Reg_file_inst/regs_reg[28][15]/Q (HIGH)

 There are 240 register/latch pins with no clock driven by root clock pin: Reg_file_inst/regs_reg[28][16]/Q (HIGH)

 There are 240 register/latch pins with no clock driven by root clock pin: Reg_file_inst/regs_reg[28][17]/Q (HIGH)

 There are 240 register/latch pins with no clock driven by root clock pin: Reg_file_inst/regs_reg[28][18]/Q (HIGH)

 There are 240 register/latch pins with no clock driven by root clock pin: Reg_file_inst/regs_reg[28][19]/Q (HIGH)

 There are 240 register/latch pins with no clock driven by root clock pin: Reg_file_inst/regs_reg[28][1]/Q (HIGH)

 There are 240 register/latch pins with no clock driven by root clock pin: Reg_file_inst/regs_reg[28][20]/Q (HIGH)

 There are 240 register/latch pins with no clock driven by root clock pin: Reg_file_inst/regs_reg[28][21]/Q (HIGH)

 There are 240 register/latch pins with no clock driven by root clock pin: Reg_file_inst/regs_reg[28][22]/Q (HIGH)

 There are 240 register/latch pins with no clock driven by root clock pin: Reg_file_inst/regs_reg[28][23]/Q (HIGH)

 There are 240 register/latch pins with no clock driven by root clock pin: Reg_file_inst/regs_reg[28][24]/Q (HIGH)

 There are 240 register/latch pins with no clock driven by root clock pin: Reg_file_inst/regs_reg[28][25]/Q (HIGH)

 There are 240 register/latch pins with no clock driven by root clock pin: Reg_file_inst/regs_reg[28][26]/Q (HIGH)

 There are 240 register/latch pins with no clock driven by root clock pin: Reg_file_inst/regs_reg[28][27]/Q (HIGH)

 There are 240 register/latch pins with no clock driven by root clock pin: Reg_file_inst/regs_reg[28][28]/Q (HIGH)

 There are 240 register/latch pins with no clock driven by root clock pin: Reg_file_inst/regs_reg[28][29]/Q (HIGH)

 There are 240 register/latch pins with no clock driven by root clock pin: Reg_file_inst/regs_reg[28][2]/Q (HIGH)

 There are 240 register/latch pins with no clock driven by root clock pin: Reg_file_inst/regs_reg[28][30]/Q (HIGH)

 There are 240 register/latch pins with no clock driven by root clock pin: Reg_file_inst/regs_reg[28][31]/Q (HIGH)

 There are 240 register/latch pins with no clock driven by root clock pin: Reg_file_inst/regs_reg[28][3]/Q (HIGH)

 There are 240 register/latch pins with no clock driven by root clock pin: Reg_file_inst/regs_reg[28][4]/Q (HIGH)

 There are 240 register/latch pins with no clock driven by root clock pin: Reg_file_inst/regs_reg[28][5]/Q (HIGH)

 There are 240 register/latch pins with no clock driven by root clock pin: Reg_file_inst/regs_reg[28][6]/Q (HIGH)

 There are 240 register/latch pins with no clock driven by root clock pin: Reg_file_inst/regs_reg[28][7]/Q (HIGH)

 There are 240 register/latch pins with no clock driven by root clock pin: Reg_file_inst/regs_reg[28][8]/Q (HIGH)

 There are 240 register/latch pins with no clock driven by root clock pin: Reg_file_inst/regs_reg[28][9]/Q (HIGH)

 There are 240 register/latch pins with no clock driven by root clock pin: Reg_file_inst/regs_reg[29][0]/Q (HIGH)

 There are 240 register/latch pins with no clock driven by root clock pin: Reg_file_inst/regs_reg[29][10]/Q (HIGH)

 There are 240 register/latch pins with no clock driven by root clock pin: Reg_file_inst/regs_reg[29][11]/Q (HIGH)

 There are 240 register/latch pins with no clock driven by root clock pin: Reg_file_inst/regs_reg[29][12]/Q (HIGH)

 There are 240 register/latch pins with no clock driven by root clock pin: Reg_file_inst/regs_reg[29][13]/Q (HIGH)

 There are 240 register/latch pins with no clock driven by root clock pin: Reg_file_inst/regs_reg[29][14]/Q (HIGH)

 There are 240 register/latch pins with no clock driven by root clock pin: Reg_file_inst/regs_reg[29][15]/Q (HIGH)

 There are 240 register/latch pins with no clock driven by root clock pin: Reg_file_inst/regs_reg[29][16]/Q (HIGH)

 There are 240 register/latch pins with no clock driven by root clock pin: Reg_file_inst/regs_reg[29][17]/Q (HIGH)

 There are 240 register/latch pins with no clock driven by root clock pin: Reg_file_inst/regs_reg[29][18]/Q (HIGH)

 There are 240 register/latch pins with no clock driven by root clock pin: Reg_file_inst/regs_reg[29][19]/Q (HIGH)

 There are 240 register/latch pins with no clock driven by root clock pin: Reg_file_inst/regs_reg[29][1]/Q (HIGH)

 There are 240 register/latch pins with no clock driven by root clock pin: Reg_file_inst/regs_reg[29][20]/Q (HIGH)

 There are 240 register/latch pins with no clock driven by root clock pin: Reg_file_inst/regs_reg[29][21]/Q (HIGH)

 There are 240 register/latch pins with no clock driven by root clock pin: Reg_file_inst/regs_reg[29][22]/Q (HIGH)

 There are 240 register/latch pins with no clock driven by root clock pin: Reg_file_inst/regs_reg[29][23]/Q (HIGH)

 There are 240 register/latch pins with no clock driven by root clock pin: Reg_file_inst/regs_reg[29][24]/Q (HIGH)

 There are 240 register/latch pins with no clock driven by root clock pin: Reg_file_inst/regs_reg[29][25]/Q (HIGH)

 There are 240 register/latch pins with no clock driven by root clock pin: Reg_file_inst/regs_reg[29][26]/Q (HIGH)

 There are 240 register/latch pins with no clock driven by root clock pin: Reg_file_inst/regs_reg[29][27]/Q (HIGH)

 There are 240 register/latch pins with no clock driven by root clock pin: Reg_file_inst/regs_reg[29][28]/Q (HIGH)

 There are 240 register/latch pins with no clock driven by root clock pin: Reg_file_inst/regs_reg[29][29]/Q (HIGH)

 There are 240 register/latch pins with no clock driven by root clock pin: Reg_file_inst/regs_reg[29][2]/Q (HIGH)

 There are 240 register/latch pins with no clock driven by root clock pin: Reg_file_inst/regs_reg[29][30]/Q (HIGH)

 There are 240 register/latch pins with no clock driven by root clock pin: Reg_file_inst/regs_reg[29][31]/Q (HIGH)

 There are 240 register/latch pins with no clock driven by root clock pin: Reg_file_inst/regs_reg[29][3]/Q (HIGH)

 There are 240 register/latch pins with no clock driven by root clock pin: Reg_file_inst/regs_reg[29][4]/Q (HIGH)

 There are 240 register/latch pins with no clock driven by root clock pin: Reg_file_inst/regs_reg[29][5]/Q (HIGH)

 There are 240 register/latch pins with no clock driven by root clock pin: Reg_file_inst/regs_reg[29][6]/Q (HIGH)

 There are 240 register/latch pins with no clock driven by root clock pin: Reg_file_inst/regs_reg[29][7]/Q (HIGH)

 There are 240 register/latch pins with no clock driven by root clock pin: Reg_file_inst/regs_reg[29][8]/Q (HIGH)

 There are 240 register/latch pins with no clock driven by root clock pin: Reg_file_inst/regs_reg[29][9]/Q (HIGH)

 There are 240 register/latch pins with no clock driven by root clock pin: Reg_file_inst/regs_reg[2][0]/Q (HIGH)

 There are 240 register/latch pins with no clock driven by root clock pin: Reg_file_inst/regs_reg[2][10]/Q (HIGH)

 There are 240 register/latch pins with no clock driven by root clock pin: Reg_file_inst/regs_reg[2][11]/Q (HIGH)

 There are 240 register/latch pins with no clock driven by root clock pin: Reg_file_inst/regs_reg[2][12]/Q (HIGH)

 There are 240 register/latch pins with no clock driven by root clock pin: Reg_file_inst/regs_reg[2][13]/Q (HIGH)

 There are 240 register/latch pins with no clock driven by root clock pin: Reg_file_inst/regs_reg[2][14]/Q (HIGH)

 There are 240 register/latch pins with no clock driven by root clock pin: Reg_file_inst/regs_reg[2][15]/Q (HIGH)

 There are 240 register/latch pins with no clock driven by root clock pin: Reg_file_inst/regs_reg[2][16]/Q (HIGH)

 There are 240 register/latch pins with no clock driven by root clock pin: Reg_file_inst/regs_reg[2][17]/Q (HIGH)

 There are 240 register/latch pins with no clock driven by root clock pin: Reg_file_inst/regs_reg[2][18]/Q (HIGH)

 There are 240 register/latch pins with no clock driven by root clock pin: Reg_file_inst/regs_reg[2][19]/Q (HIGH)

 There are 240 register/latch pins with no clock driven by root clock pin: Reg_file_inst/regs_reg[2][1]/Q (HIGH)

 There are 240 register/latch pins with no clock driven by root clock pin: Reg_file_inst/regs_reg[2][20]/Q (HIGH)

 There are 240 register/latch pins with no clock driven by root clock pin: Reg_file_inst/regs_reg[2][21]/Q (HIGH)

 There are 240 register/latch pins with no clock driven by root clock pin: Reg_file_inst/regs_reg[2][22]/Q (HIGH)

 There are 240 register/latch pins with no clock driven by root clock pin: Reg_file_inst/regs_reg[2][23]/Q (HIGH)

 There are 240 register/latch pins with no clock driven by root clock pin: Reg_file_inst/regs_reg[2][24]/Q (HIGH)

 There are 240 register/latch pins with no clock driven by root clock pin: Reg_file_inst/regs_reg[2][25]/Q (HIGH)

 There are 240 register/latch pins with no clock driven by root clock pin: Reg_file_inst/regs_reg[2][26]/Q (HIGH)

 There are 240 register/latch pins with no clock driven by root clock pin: Reg_file_inst/regs_reg[2][27]/Q (HIGH)

 There are 240 register/latch pins with no clock driven by root clock pin: Reg_file_inst/regs_reg[2][28]/Q (HIGH)

 There are 240 register/latch pins with no clock driven by root clock pin: Reg_file_inst/regs_reg[2][29]/Q (HIGH)

 There are 240 register/latch pins with no clock driven by root clock pin: Reg_file_inst/regs_reg[2][2]/Q (HIGH)

 There are 240 register/latch pins with no clock driven by root clock pin: Reg_file_inst/regs_reg[2][30]/Q (HIGH)

 There are 240 register/latch pins with no clock driven by root clock pin: Reg_file_inst/regs_reg[2][31]/Q (HIGH)

 There are 240 register/latch pins with no clock driven by root clock pin: Reg_file_inst/regs_reg[2][3]/Q (HIGH)

 There are 240 register/latch pins with no clock driven by root clock pin: Reg_file_inst/regs_reg[2][4]/Q (HIGH)

 There are 240 register/latch pins with no clock driven by root clock pin: Reg_file_inst/regs_reg[2][5]/Q (HIGH)

 There are 240 register/latch pins with no clock driven by root clock pin: Reg_file_inst/regs_reg[2][6]/Q (HIGH)

 There are 240 register/latch pins with no clock driven by root clock pin: Reg_file_inst/regs_reg[2][7]/Q (HIGH)

 There are 240 register/latch pins with no clock driven by root clock pin: Reg_file_inst/regs_reg[2][8]/Q (HIGH)

 There are 240 register/latch pins with no clock driven by root clock pin: Reg_file_inst/regs_reg[2][9]/Q (HIGH)

 There are 240 register/latch pins with no clock driven by root clock pin: Reg_file_inst/regs_reg[30][0]/Q (HIGH)

 There are 240 register/latch pins with no clock driven by root clock pin: Reg_file_inst/regs_reg[30][10]/Q (HIGH)

 There are 240 register/latch pins with no clock driven by root clock pin: Reg_file_inst/regs_reg[30][11]/Q (HIGH)

 There are 240 register/latch pins with no clock driven by root clock pin: Reg_file_inst/regs_reg[30][12]/Q (HIGH)

 There are 240 register/latch pins with no clock driven by root clock pin: Reg_file_inst/regs_reg[30][13]/Q (HIGH)

 There are 240 register/latch pins with no clock driven by root clock pin: Reg_file_inst/regs_reg[30][14]/Q (HIGH)

 There are 240 register/latch pins with no clock driven by root clock pin: Reg_file_inst/regs_reg[30][15]/Q (HIGH)

 There are 240 register/latch pins with no clock driven by root clock pin: Reg_file_inst/regs_reg[30][16]/Q (HIGH)

 There are 240 register/latch pins with no clock driven by root clock pin: Reg_file_inst/regs_reg[30][17]/Q (HIGH)

 There are 240 register/latch pins with no clock driven by root clock pin: Reg_file_inst/regs_reg[30][18]/Q (HIGH)

 There are 240 register/latch pins with no clock driven by root clock pin: Reg_file_inst/regs_reg[30][19]/Q (HIGH)

 There are 240 register/latch pins with no clock driven by root clock pin: Reg_file_inst/regs_reg[30][1]/Q (HIGH)

 There are 240 register/latch pins with no clock driven by root clock pin: Reg_file_inst/regs_reg[30][20]/Q (HIGH)

 There are 240 register/latch pins with no clock driven by root clock pin: Reg_file_inst/regs_reg[30][21]/Q (HIGH)

 There are 240 register/latch pins with no clock driven by root clock pin: Reg_file_inst/regs_reg[30][22]/Q (HIGH)

 There are 240 register/latch pins with no clock driven by root clock pin: Reg_file_inst/regs_reg[30][23]/Q (HIGH)

 There are 240 register/latch pins with no clock driven by root clock pin: Reg_file_inst/regs_reg[30][24]/Q (HIGH)

 There are 240 register/latch pins with no clock driven by root clock pin: Reg_file_inst/regs_reg[30][25]/Q (HIGH)

 There are 240 register/latch pins with no clock driven by root clock pin: Reg_file_inst/regs_reg[30][26]/Q (HIGH)

 There are 240 register/latch pins with no clock driven by root clock pin: Reg_file_inst/regs_reg[30][27]/Q (HIGH)

 There are 240 register/latch pins with no clock driven by root clock pin: Reg_file_inst/regs_reg[30][28]/Q (HIGH)

 There are 240 register/latch pins with no clock driven by root clock pin: Reg_file_inst/regs_reg[30][29]/Q (HIGH)

 There are 240 register/latch pins with no clock driven by root clock pin: Reg_file_inst/regs_reg[30][2]/Q (HIGH)

 There are 240 register/latch pins with no clock driven by root clock pin: Reg_file_inst/regs_reg[30][30]/Q (HIGH)

 There are 240 register/latch pins with no clock driven by root clock pin: Reg_file_inst/regs_reg[30][31]/Q (HIGH)

 There are 240 register/latch pins with no clock driven by root clock pin: Reg_file_inst/regs_reg[30][3]/Q (HIGH)

 There are 240 register/latch pins with no clock driven by root clock pin: Reg_file_inst/regs_reg[30][4]/Q (HIGH)

 There are 240 register/latch pins with no clock driven by root clock pin: Reg_file_inst/regs_reg[30][5]/Q (HIGH)

 There are 240 register/latch pins with no clock driven by root clock pin: Reg_file_inst/regs_reg[30][6]/Q (HIGH)

 There are 240 register/latch pins with no clock driven by root clock pin: Reg_file_inst/regs_reg[30][7]/Q (HIGH)

 There are 240 register/latch pins with no clock driven by root clock pin: Reg_file_inst/regs_reg[30][8]/Q (HIGH)

 There are 240 register/latch pins with no clock driven by root clock pin: Reg_file_inst/regs_reg[30][9]/Q (HIGH)

 There are 240 register/latch pins with no clock driven by root clock pin: Reg_file_inst/regs_reg[31][0]/Q (HIGH)

 There are 240 register/latch pins with no clock driven by root clock pin: Reg_file_inst/regs_reg[31][10]/Q (HIGH)

 There are 240 register/latch pins with no clock driven by root clock pin: Reg_file_inst/regs_reg[31][11]/Q (HIGH)

 There are 240 register/latch pins with no clock driven by root clock pin: Reg_file_inst/regs_reg[31][12]/Q (HIGH)

 There are 240 register/latch pins with no clock driven by root clock pin: Reg_file_inst/regs_reg[31][13]/Q (HIGH)

 There are 240 register/latch pins with no clock driven by root clock pin: Reg_file_inst/regs_reg[31][14]/Q (HIGH)

 There are 240 register/latch pins with no clock driven by root clock pin: Reg_file_inst/regs_reg[31][15]/Q (HIGH)

 There are 240 register/latch pins with no clock driven by root clock pin: Reg_file_inst/regs_reg[31][16]/Q (HIGH)

 There are 240 register/latch pins with no clock driven by root clock pin: Reg_file_inst/regs_reg[31][17]/Q (HIGH)

 There are 240 register/latch pins with no clock driven by root clock pin: Reg_file_inst/regs_reg[31][18]/Q (HIGH)

 There are 240 register/latch pins with no clock driven by root clock pin: Reg_file_inst/regs_reg[31][19]/Q (HIGH)

 There are 240 register/latch pins with no clock driven by root clock pin: Reg_file_inst/regs_reg[31][1]/Q (HIGH)

 There are 240 register/latch pins with no clock driven by root clock pin: Reg_file_inst/regs_reg[31][20]/Q (HIGH)

 There are 240 register/latch pins with no clock driven by root clock pin: Reg_file_inst/regs_reg[31][21]/Q (HIGH)

 There are 240 register/latch pins with no clock driven by root clock pin: Reg_file_inst/regs_reg[31][22]/Q (HIGH)

 There are 240 register/latch pins with no clock driven by root clock pin: Reg_file_inst/regs_reg[31][23]/Q (HIGH)

 There are 240 register/latch pins with no clock driven by root clock pin: Reg_file_inst/regs_reg[31][24]/Q (HIGH)

 There are 240 register/latch pins with no clock driven by root clock pin: Reg_file_inst/regs_reg[31][25]/Q (HIGH)

 There are 240 register/latch pins with no clock driven by root clock pin: Reg_file_inst/regs_reg[31][26]/Q (HIGH)

 There are 240 register/latch pins with no clock driven by root clock pin: Reg_file_inst/regs_reg[31][27]/Q (HIGH)

 There are 240 register/latch pins with no clock driven by root clock pin: Reg_file_inst/regs_reg[31][28]/Q (HIGH)

 There are 240 register/latch pins with no clock driven by root clock pin: Reg_file_inst/regs_reg[31][29]/Q (HIGH)

 There are 240 register/latch pins with no clock driven by root clock pin: Reg_file_inst/regs_reg[31][2]/Q (HIGH)

 There are 240 register/latch pins with no clock driven by root clock pin: Reg_file_inst/regs_reg[31][30]/Q (HIGH)

 There are 240 register/latch pins with no clock driven by root clock pin: Reg_file_inst/regs_reg[31][31]/Q (HIGH)

 There are 240 register/latch pins with no clock driven by root clock pin: Reg_file_inst/regs_reg[31][3]/Q (HIGH)

 There are 240 register/latch pins with no clock driven by root clock pin: Reg_file_inst/regs_reg[31][4]/Q (HIGH)

 There are 240 register/latch pins with no clock driven by root clock pin: Reg_file_inst/regs_reg[31][5]/Q (HIGH)

 There are 240 register/latch pins with no clock driven by root clock pin: Reg_file_inst/regs_reg[31][6]/Q (HIGH)

 There are 240 register/latch pins with no clock driven by root clock pin: Reg_file_inst/regs_reg[31][7]/Q (HIGH)

 There are 240 register/latch pins with no clock driven by root clock pin: Reg_file_inst/regs_reg[31][8]/Q (HIGH)

 There are 240 register/latch pins with no clock driven by root clock pin: Reg_file_inst/regs_reg[31][9]/Q (HIGH)

 There are 240 register/latch pins with no clock driven by root clock pin: Reg_file_inst/regs_reg[3][0]/Q (HIGH)

 There are 240 register/latch pins with no clock driven by root clock pin: Reg_file_inst/regs_reg[3][10]/Q (HIGH)

 There are 240 register/latch pins with no clock driven by root clock pin: Reg_file_inst/regs_reg[3][11]/Q (HIGH)

 There are 240 register/latch pins with no clock driven by root clock pin: Reg_file_inst/regs_reg[3][12]/Q (HIGH)

 There are 240 register/latch pins with no clock driven by root clock pin: Reg_file_inst/regs_reg[3][13]/Q (HIGH)

 There are 240 register/latch pins with no clock driven by root clock pin: Reg_file_inst/regs_reg[3][14]/Q (HIGH)

 There are 240 register/latch pins with no clock driven by root clock pin: Reg_file_inst/regs_reg[3][15]/Q (HIGH)

 There are 240 register/latch pins with no clock driven by root clock pin: Reg_file_inst/regs_reg[3][16]/Q (HIGH)

 There are 240 register/latch pins with no clock driven by root clock pin: Reg_file_inst/regs_reg[3][17]/Q (HIGH)

 There are 240 register/latch pins with no clock driven by root clock pin: Reg_file_inst/regs_reg[3][18]/Q (HIGH)

 There are 240 register/latch pins with no clock driven by root clock pin: Reg_file_inst/regs_reg[3][19]/Q (HIGH)

 There are 240 register/latch pins with no clock driven by root clock pin: Reg_file_inst/regs_reg[3][1]/Q (HIGH)

 There are 240 register/latch pins with no clock driven by root clock pin: Reg_file_inst/regs_reg[3][20]/Q (HIGH)

 There are 240 register/latch pins with no clock driven by root clock pin: Reg_file_inst/regs_reg[3][21]/Q (HIGH)

 There are 240 register/latch pins with no clock driven by root clock pin: Reg_file_inst/regs_reg[3][22]/Q (HIGH)

 There are 240 register/latch pins with no clock driven by root clock pin: Reg_file_inst/regs_reg[3][23]/Q (HIGH)

 There are 240 register/latch pins with no clock driven by root clock pin: Reg_file_inst/regs_reg[3][24]/Q (HIGH)

 There are 240 register/latch pins with no clock driven by root clock pin: Reg_file_inst/regs_reg[3][25]/Q (HIGH)

 There are 240 register/latch pins with no clock driven by root clock pin: Reg_file_inst/regs_reg[3][26]/Q (HIGH)

 There are 240 register/latch pins with no clock driven by root clock pin: Reg_file_inst/regs_reg[3][27]/Q (HIGH)

 There are 240 register/latch pins with no clock driven by root clock pin: Reg_file_inst/regs_reg[3][28]/Q (HIGH)

 There are 240 register/latch pins with no clock driven by root clock pin: Reg_file_inst/regs_reg[3][29]/Q (HIGH)

 There are 240 register/latch pins with no clock driven by root clock pin: Reg_file_inst/regs_reg[3][2]/Q (HIGH)

 There are 240 register/latch pins with no clock driven by root clock pin: Reg_file_inst/regs_reg[3][30]/Q (HIGH)

 There are 240 register/latch pins with no clock driven by root clock pin: Reg_file_inst/regs_reg[3][31]/Q (HIGH)

 There are 240 register/latch pins with no clock driven by root clock pin: Reg_file_inst/regs_reg[3][3]/Q (HIGH)

 There are 240 register/latch pins with no clock driven by root clock pin: Reg_file_inst/regs_reg[3][4]/Q (HIGH)

 There are 240 register/latch pins with no clock driven by root clock pin: Reg_file_inst/regs_reg[3][5]/Q (HIGH)

 There are 240 register/latch pins with no clock driven by root clock pin: Reg_file_inst/regs_reg[3][6]/Q (HIGH)

 There are 240 register/latch pins with no clock driven by root clock pin: Reg_file_inst/regs_reg[3][7]/Q (HIGH)

 There are 240 register/latch pins with no clock driven by root clock pin: Reg_file_inst/regs_reg[3][8]/Q (HIGH)

 There are 240 register/latch pins with no clock driven by root clock pin: Reg_file_inst/regs_reg[3][9]/Q (HIGH)

 There are 240 register/latch pins with no clock driven by root clock pin: Reg_file_inst/regs_reg[4][0]/Q (HIGH)

 There are 240 register/latch pins with no clock driven by root clock pin: Reg_file_inst/regs_reg[4][10]/Q (HIGH)

 There are 240 register/latch pins with no clock driven by root clock pin: Reg_file_inst/regs_reg[4][11]/Q (HIGH)

 There are 240 register/latch pins with no clock driven by root clock pin: Reg_file_inst/regs_reg[4][12]/Q (HIGH)

 There are 240 register/latch pins with no clock driven by root clock pin: Reg_file_inst/regs_reg[4][13]/Q (HIGH)

 There are 240 register/latch pins with no clock driven by root clock pin: Reg_file_inst/regs_reg[4][14]/Q (HIGH)

 There are 240 register/latch pins with no clock driven by root clock pin: Reg_file_inst/regs_reg[4][15]/Q (HIGH)

 There are 240 register/latch pins with no clock driven by root clock pin: Reg_file_inst/regs_reg[4][16]/Q (HIGH)

 There are 240 register/latch pins with no clock driven by root clock pin: Reg_file_inst/regs_reg[4][17]/Q (HIGH)

 There are 240 register/latch pins with no clock driven by root clock pin: Reg_file_inst/regs_reg[4][18]/Q (HIGH)

 There are 240 register/latch pins with no clock driven by root clock pin: Reg_file_inst/regs_reg[4][19]/Q (HIGH)

 There are 240 register/latch pins with no clock driven by root clock pin: Reg_file_inst/regs_reg[4][1]/Q (HIGH)

 There are 240 register/latch pins with no clock driven by root clock pin: Reg_file_inst/regs_reg[4][20]/Q (HIGH)

 There are 240 register/latch pins with no clock driven by root clock pin: Reg_file_inst/regs_reg[4][21]/Q (HIGH)

 There are 240 register/latch pins with no clock driven by root clock pin: Reg_file_inst/regs_reg[4][22]/Q (HIGH)

 There are 240 register/latch pins with no clock driven by root clock pin: Reg_file_inst/regs_reg[4][23]/Q (HIGH)

 There are 240 register/latch pins with no clock driven by root clock pin: Reg_file_inst/regs_reg[4][24]/Q (HIGH)

 There are 240 register/latch pins with no clock driven by root clock pin: Reg_file_inst/regs_reg[4][25]/Q (HIGH)

 There are 240 register/latch pins with no clock driven by root clock pin: Reg_file_inst/regs_reg[4][26]/Q (HIGH)

 There are 240 register/latch pins with no clock driven by root clock pin: Reg_file_inst/regs_reg[4][27]/Q (HIGH)

 There are 240 register/latch pins with no clock driven by root clock pin: Reg_file_inst/regs_reg[4][28]/Q (HIGH)

 There are 240 register/latch pins with no clock driven by root clock pin: Reg_file_inst/regs_reg[4][29]/Q (HIGH)

 There are 240 register/latch pins with no clock driven by root clock pin: Reg_file_inst/regs_reg[4][2]/Q (HIGH)

 There are 240 register/latch pins with no clock driven by root clock pin: Reg_file_inst/regs_reg[4][30]/Q (HIGH)

 There are 240 register/latch pins with no clock driven by root clock pin: Reg_file_inst/regs_reg[4][31]/Q (HIGH)

 There are 240 register/latch pins with no clock driven by root clock pin: Reg_file_inst/regs_reg[4][3]/Q (HIGH)

 There are 240 register/latch pins with no clock driven by root clock pin: Reg_file_inst/regs_reg[4][4]/Q (HIGH)

 There are 240 register/latch pins with no clock driven by root clock pin: Reg_file_inst/regs_reg[4][5]/Q (HIGH)

 There are 240 register/latch pins with no clock driven by root clock pin: Reg_file_inst/regs_reg[4][6]/Q (HIGH)

 There are 240 register/latch pins with no clock driven by root clock pin: Reg_file_inst/regs_reg[4][7]/Q (HIGH)

 There are 240 register/latch pins with no clock driven by root clock pin: Reg_file_inst/regs_reg[4][8]/Q (HIGH)

 There are 240 register/latch pins with no clock driven by root clock pin: Reg_file_inst/regs_reg[4][9]/Q (HIGH)

 There are 240 register/latch pins with no clock driven by root clock pin: Reg_file_inst/regs_reg[5][0]/Q (HIGH)

 There are 240 register/latch pins with no clock driven by root clock pin: Reg_file_inst/regs_reg[5][10]/Q (HIGH)

 There are 240 register/latch pins with no clock driven by root clock pin: Reg_file_inst/regs_reg[5][11]/Q (HIGH)

 There are 240 register/latch pins with no clock driven by root clock pin: Reg_file_inst/regs_reg[5][12]/Q (HIGH)

 There are 240 register/latch pins with no clock driven by root clock pin: Reg_file_inst/regs_reg[5][13]/Q (HIGH)

 There are 240 register/latch pins with no clock driven by root clock pin: Reg_file_inst/regs_reg[5][14]/Q (HIGH)

 There are 240 register/latch pins with no clock driven by root clock pin: Reg_file_inst/regs_reg[5][15]/Q (HIGH)

 There are 240 register/latch pins with no clock driven by root clock pin: Reg_file_inst/regs_reg[5][16]/Q (HIGH)

 There are 240 register/latch pins with no clock driven by root clock pin: Reg_file_inst/regs_reg[5][17]/Q (HIGH)

 There are 240 register/latch pins with no clock driven by root clock pin: Reg_file_inst/regs_reg[5][18]/Q (HIGH)

 There are 240 register/latch pins with no clock driven by root clock pin: Reg_file_inst/regs_reg[5][19]/Q (HIGH)

 There are 240 register/latch pins with no clock driven by root clock pin: Reg_file_inst/regs_reg[5][1]/Q (HIGH)

 There are 240 register/latch pins with no clock driven by root clock pin: Reg_file_inst/regs_reg[5][20]/Q (HIGH)

 There are 240 register/latch pins with no clock driven by root clock pin: Reg_file_inst/regs_reg[5][21]/Q (HIGH)

 There are 240 register/latch pins with no clock driven by root clock pin: Reg_file_inst/regs_reg[5][22]/Q (HIGH)

 There are 240 register/latch pins with no clock driven by root clock pin: Reg_file_inst/regs_reg[5][23]/Q (HIGH)

 There are 240 register/latch pins with no clock driven by root clock pin: Reg_file_inst/regs_reg[5][24]/Q (HIGH)

 There are 240 register/latch pins with no clock driven by root clock pin: Reg_file_inst/regs_reg[5][25]/Q (HIGH)

 There are 240 register/latch pins with no clock driven by root clock pin: Reg_file_inst/regs_reg[5][26]/Q (HIGH)

 There are 240 register/latch pins with no clock driven by root clock pin: Reg_file_inst/regs_reg[5][27]/Q (HIGH)

 There are 240 register/latch pins with no clock driven by root clock pin: Reg_file_inst/regs_reg[5][28]/Q (HIGH)

 There are 240 register/latch pins with no clock driven by root clock pin: Reg_file_inst/regs_reg[5][29]/Q (HIGH)

 There are 240 register/latch pins with no clock driven by root clock pin: Reg_file_inst/regs_reg[5][2]/Q (HIGH)

 There are 240 register/latch pins with no clock driven by root clock pin: Reg_file_inst/regs_reg[5][30]/Q (HIGH)

 There are 240 register/latch pins with no clock driven by root clock pin: Reg_file_inst/regs_reg[5][31]/Q (HIGH)

 There are 240 register/latch pins with no clock driven by root clock pin: Reg_file_inst/regs_reg[5][3]/Q (HIGH)

 There are 240 register/latch pins with no clock driven by root clock pin: Reg_file_inst/regs_reg[5][4]/Q (HIGH)

 There are 240 register/latch pins with no clock driven by root clock pin: Reg_file_inst/regs_reg[5][5]/Q (HIGH)

 There are 240 register/latch pins with no clock driven by root clock pin: Reg_file_inst/regs_reg[5][6]/Q (HIGH)

 There are 240 register/latch pins with no clock driven by root clock pin: Reg_file_inst/regs_reg[5][7]/Q (HIGH)

 There are 240 register/latch pins with no clock driven by root clock pin: Reg_file_inst/regs_reg[5][8]/Q (HIGH)

 There are 240 register/latch pins with no clock driven by root clock pin: Reg_file_inst/regs_reg[5][9]/Q (HIGH)

 There are 240 register/latch pins with no clock driven by root clock pin: Reg_file_inst/regs_reg[6][0]/Q (HIGH)

 There are 240 register/latch pins with no clock driven by root clock pin: Reg_file_inst/regs_reg[6][10]/Q (HIGH)

 There are 240 register/latch pins with no clock driven by root clock pin: Reg_file_inst/regs_reg[6][11]/Q (HIGH)

 There are 240 register/latch pins with no clock driven by root clock pin: Reg_file_inst/regs_reg[6][12]/Q (HIGH)

 There are 240 register/latch pins with no clock driven by root clock pin: Reg_file_inst/regs_reg[6][13]/Q (HIGH)

 There are 240 register/latch pins with no clock driven by root clock pin: Reg_file_inst/regs_reg[6][14]/Q (HIGH)

 There are 240 register/latch pins with no clock driven by root clock pin: Reg_file_inst/regs_reg[6][15]/Q (HIGH)

 There are 240 register/latch pins with no clock driven by root clock pin: Reg_file_inst/regs_reg[6][16]/Q (HIGH)

 There are 240 register/latch pins with no clock driven by root clock pin: Reg_file_inst/regs_reg[6][17]/Q (HIGH)

 There are 240 register/latch pins with no clock driven by root clock pin: Reg_file_inst/regs_reg[6][18]/Q (HIGH)

 There are 240 register/latch pins with no clock driven by root clock pin: Reg_file_inst/regs_reg[6][19]/Q (HIGH)

 There are 240 register/latch pins with no clock driven by root clock pin: Reg_file_inst/regs_reg[6][1]/Q (HIGH)

 There are 240 register/latch pins with no clock driven by root clock pin: Reg_file_inst/regs_reg[6][20]/Q (HIGH)

 There are 240 register/latch pins with no clock driven by root clock pin: Reg_file_inst/regs_reg[6][21]/Q (HIGH)

 There are 240 register/latch pins with no clock driven by root clock pin: Reg_file_inst/regs_reg[6][22]/Q (HIGH)

 There are 240 register/latch pins with no clock driven by root clock pin: Reg_file_inst/regs_reg[6][23]/Q (HIGH)

 There are 240 register/latch pins with no clock driven by root clock pin: Reg_file_inst/regs_reg[6][24]/Q (HIGH)

 There are 240 register/latch pins with no clock driven by root clock pin: Reg_file_inst/regs_reg[6][25]/Q (HIGH)

 There are 240 register/latch pins with no clock driven by root clock pin: Reg_file_inst/regs_reg[6][26]/Q (HIGH)

 There are 240 register/latch pins with no clock driven by root clock pin: Reg_file_inst/regs_reg[6][27]/Q (HIGH)

 There are 240 register/latch pins with no clock driven by root clock pin: Reg_file_inst/regs_reg[6][28]/Q (HIGH)

 There are 240 register/latch pins with no clock driven by root clock pin: Reg_file_inst/regs_reg[6][29]/Q (HIGH)

 There are 240 register/latch pins with no clock driven by root clock pin: Reg_file_inst/regs_reg[6][2]/Q (HIGH)

 There are 240 register/latch pins with no clock driven by root clock pin: Reg_file_inst/regs_reg[6][30]/Q (HIGH)

 There are 240 register/latch pins with no clock driven by root clock pin: Reg_file_inst/regs_reg[6][31]/Q (HIGH)

 There are 240 register/latch pins with no clock driven by root clock pin: Reg_file_inst/regs_reg[6][3]/Q (HIGH)

 There are 240 register/latch pins with no clock driven by root clock pin: Reg_file_inst/regs_reg[6][4]/Q (HIGH)

 There are 240 register/latch pins with no clock driven by root clock pin: Reg_file_inst/regs_reg[6][5]/Q (HIGH)

 There are 240 register/latch pins with no clock driven by root clock pin: Reg_file_inst/regs_reg[6][6]/Q (HIGH)

 There are 240 register/latch pins with no clock driven by root clock pin: Reg_file_inst/regs_reg[6][7]/Q (HIGH)

 There are 240 register/latch pins with no clock driven by root clock pin: Reg_file_inst/regs_reg[6][8]/Q (HIGH)

 There are 240 register/latch pins with no clock driven by root clock pin: Reg_file_inst/regs_reg[6][9]/Q (HIGH)

 There are 240 register/latch pins with no clock driven by root clock pin: Reg_file_inst/regs_reg[7][0]/Q (HIGH)

 There are 240 register/latch pins with no clock driven by root clock pin: Reg_file_inst/regs_reg[7][10]/Q (HIGH)

 There are 240 register/latch pins with no clock driven by root clock pin: Reg_file_inst/regs_reg[7][11]/Q (HIGH)

 There are 240 register/latch pins with no clock driven by root clock pin: Reg_file_inst/regs_reg[7][12]/Q (HIGH)

 There are 240 register/latch pins with no clock driven by root clock pin: Reg_file_inst/regs_reg[7][13]/Q (HIGH)

 There are 240 register/latch pins with no clock driven by root clock pin: Reg_file_inst/regs_reg[7][14]/Q (HIGH)

 There are 240 register/latch pins with no clock driven by root clock pin: Reg_file_inst/regs_reg[7][15]/Q (HIGH)

 There are 240 register/latch pins with no clock driven by root clock pin: Reg_file_inst/regs_reg[7][16]/Q (HIGH)

 There are 240 register/latch pins with no clock driven by root clock pin: Reg_file_inst/regs_reg[7][17]/Q (HIGH)

 There are 240 register/latch pins with no clock driven by root clock pin: Reg_file_inst/regs_reg[7][18]/Q (HIGH)

 There are 240 register/latch pins with no clock driven by root clock pin: Reg_file_inst/regs_reg[7][19]/Q (HIGH)

 There are 240 register/latch pins with no clock driven by root clock pin: Reg_file_inst/regs_reg[7][1]/Q (HIGH)

 There are 240 register/latch pins with no clock driven by root clock pin: Reg_file_inst/regs_reg[7][20]/Q (HIGH)

 There are 240 register/latch pins with no clock driven by root clock pin: Reg_file_inst/regs_reg[7][21]/Q (HIGH)

 There are 240 register/latch pins with no clock driven by root clock pin: Reg_file_inst/regs_reg[7][22]/Q (HIGH)

 There are 240 register/latch pins with no clock driven by root clock pin: Reg_file_inst/regs_reg[7][23]/Q (HIGH)

 There are 240 register/latch pins with no clock driven by root clock pin: Reg_file_inst/regs_reg[7][24]/Q (HIGH)

 There are 240 register/latch pins with no clock driven by root clock pin: Reg_file_inst/regs_reg[7][25]/Q (HIGH)

 There are 240 register/latch pins with no clock driven by root clock pin: Reg_file_inst/regs_reg[7][26]/Q (HIGH)

 There are 240 register/latch pins with no clock driven by root clock pin: Reg_file_inst/regs_reg[7][27]/Q (HIGH)

 There are 240 register/latch pins with no clock driven by root clock pin: Reg_file_inst/regs_reg[7][28]/Q (HIGH)

 There are 240 register/latch pins with no clock driven by root clock pin: Reg_file_inst/regs_reg[7][29]/Q (HIGH)

 There are 240 register/latch pins with no clock driven by root clock pin: Reg_file_inst/regs_reg[7][2]/Q (HIGH)

 There are 240 register/latch pins with no clock driven by root clock pin: Reg_file_inst/regs_reg[7][30]/Q (HIGH)

 There are 240 register/latch pins with no clock driven by root clock pin: Reg_file_inst/regs_reg[7][31]/Q (HIGH)

 There are 240 register/latch pins with no clock driven by root clock pin: Reg_file_inst/regs_reg[7][3]/Q (HIGH)

 There are 240 register/latch pins with no clock driven by root clock pin: Reg_file_inst/regs_reg[7][4]/Q (HIGH)

 There are 240 register/latch pins with no clock driven by root clock pin: Reg_file_inst/regs_reg[7][5]/Q (HIGH)

 There are 240 register/latch pins with no clock driven by root clock pin: Reg_file_inst/regs_reg[7][6]/Q (HIGH)

 There are 240 register/latch pins with no clock driven by root clock pin: Reg_file_inst/regs_reg[7][7]/Q (HIGH)

 There are 240 register/latch pins with no clock driven by root clock pin: Reg_file_inst/regs_reg[7][8]/Q (HIGH)

 There are 240 register/latch pins with no clock driven by root clock pin: Reg_file_inst/regs_reg[7][9]/Q (HIGH)

 There are 240 register/latch pins with no clock driven by root clock pin: Reg_file_inst/regs_reg[8][0]/Q (HIGH)

 There are 240 register/latch pins with no clock driven by root clock pin: Reg_file_inst/regs_reg[8][10]/Q (HIGH)

 There are 240 register/latch pins with no clock driven by root clock pin: Reg_file_inst/regs_reg[8][11]/Q (HIGH)

 There are 240 register/latch pins with no clock driven by root clock pin: Reg_file_inst/regs_reg[8][12]/Q (HIGH)

 There are 240 register/latch pins with no clock driven by root clock pin: Reg_file_inst/regs_reg[8][13]/Q (HIGH)

 There are 240 register/latch pins with no clock driven by root clock pin: Reg_file_inst/regs_reg[8][14]/Q (HIGH)

 There are 240 register/latch pins with no clock driven by root clock pin: Reg_file_inst/regs_reg[8][15]/Q (HIGH)

 There are 240 register/latch pins with no clock driven by root clock pin: Reg_file_inst/regs_reg[8][16]/Q (HIGH)

 There are 240 register/latch pins with no clock driven by root clock pin: Reg_file_inst/regs_reg[8][17]/Q (HIGH)

 There are 240 register/latch pins with no clock driven by root clock pin: Reg_file_inst/regs_reg[8][18]/Q (HIGH)

 There are 240 register/latch pins with no clock driven by root clock pin: Reg_file_inst/regs_reg[8][19]/Q (HIGH)

 There are 240 register/latch pins with no clock driven by root clock pin: Reg_file_inst/regs_reg[8][1]/Q (HIGH)

 There are 240 register/latch pins with no clock driven by root clock pin: Reg_file_inst/regs_reg[8][20]/Q (HIGH)

 There are 240 register/latch pins with no clock driven by root clock pin: Reg_file_inst/regs_reg[8][21]/Q (HIGH)

 There are 240 register/latch pins with no clock driven by root clock pin: Reg_file_inst/regs_reg[8][22]/Q (HIGH)

 There are 240 register/latch pins with no clock driven by root clock pin: Reg_file_inst/regs_reg[8][23]/Q (HIGH)

 There are 240 register/latch pins with no clock driven by root clock pin: Reg_file_inst/regs_reg[8][24]/Q (HIGH)

 There are 240 register/latch pins with no clock driven by root clock pin: Reg_file_inst/regs_reg[8][25]/Q (HIGH)

 There are 240 register/latch pins with no clock driven by root clock pin: Reg_file_inst/regs_reg[8][26]/Q (HIGH)

 There are 240 register/latch pins with no clock driven by root clock pin: Reg_file_inst/regs_reg[8][27]/Q (HIGH)

 There are 240 register/latch pins with no clock driven by root clock pin: Reg_file_inst/regs_reg[8][28]/Q (HIGH)

 There are 240 register/latch pins with no clock driven by root clock pin: Reg_file_inst/regs_reg[8][29]/Q (HIGH)

 There are 240 register/latch pins with no clock driven by root clock pin: Reg_file_inst/regs_reg[8][2]/Q (HIGH)

 There are 240 register/latch pins with no clock driven by root clock pin: Reg_file_inst/regs_reg[8][30]/Q (HIGH)

 There are 240 register/latch pins with no clock driven by root clock pin: Reg_file_inst/regs_reg[8][31]/Q (HIGH)

 There are 240 register/latch pins with no clock driven by root clock pin: Reg_file_inst/regs_reg[8][3]/Q (HIGH)

 There are 240 register/latch pins with no clock driven by root clock pin: Reg_file_inst/regs_reg[8][4]/Q (HIGH)

 There are 240 register/latch pins with no clock driven by root clock pin: Reg_file_inst/regs_reg[8][5]/Q (HIGH)

 There are 240 register/latch pins with no clock driven by root clock pin: Reg_file_inst/regs_reg[8][6]/Q (HIGH)

 There are 240 register/latch pins with no clock driven by root clock pin: Reg_file_inst/regs_reg[8][7]/Q (HIGH)

 There are 240 register/latch pins with no clock driven by root clock pin: Reg_file_inst/regs_reg[8][8]/Q (HIGH)

 There are 240 register/latch pins with no clock driven by root clock pin: Reg_file_inst/regs_reg[8][9]/Q (HIGH)

 There are 240 register/latch pins with no clock driven by root clock pin: Reg_file_inst/regs_reg[9][0]/Q (HIGH)

 There are 240 register/latch pins with no clock driven by root clock pin: Reg_file_inst/regs_reg[9][10]/Q (HIGH)

 There are 240 register/latch pins with no clock driven by root clock pin: Reg_file_inst/regs_reg[9][11]/Q (HIGH)

 There are 240 register/latch pins with no clock driven by root clock pin: Reg_file_inst/regs_reg[9][12]/Q (HIGH)

 There are 240 register/latch pins with no clock driven by root clock pin: Reg_file_inst/regs_reg[9][13]/Q (HIGH)

 There are 240 register/latch pins with no clock driven by root clock pin: Reg_file_inst/regs_reg[9][14]/Q (HIGH)

 There are 240 register/latch pins with no clock driven by root clock pin: Reg_file_inst/regs_reg[9][15]/Q (HIGH)

 There are 240 register/latch pins with no clock driven by root clock pin: Reg_file_inst/regs_reg[9][16]/Q (HIGH)

 There are 240 register/latch pins with no clock driven by root clock pin: Reg_file_inst/regs_reg[9][17]/Q (HIGH)

 There are 240 register/latch pins with no clock driven by root clock pin: Reg_file_inst/regs_reg[9][18]/Q (HIGH)

 There are 240 register/latch pins with no clock driven by root clock pin: Reg_file_inst/regs_reg[9][19]/Q (HIGH)

 There are 240 register/latch pins with no clock driven by root clock pin: Reg_file_inst/regs_reg[9][1]/Q (HIGH)

 There are 240 register/latch pins with no clock driven by root clock pin: Reg_file_inst/regs_reg[9][20]/Q (HIGH)

 There are 240 register/latch pins with no clock driven by root clock pin: Reg_file_inst/regs_reg[9][21]/Q (HIGH)

 There are 240 register/latch pins with no clock driven by root clock pin: Reg_file_inst/regs_reg[9][22]/Q (HIGH)

 There are 240 register/latch pins with no clock driven by root clock pin: Reg_file_inst/regs_reg[9][23]/Q (HIGH)

 There are 240 register/latch pins with no clock driven by root clock pin: Reg_file_inst/regs_reg[9][24]/Q (HIGH)

 There are 240 register/latch pins with no clock driven by root clock pin: Reg_file_inst/regs_reg[9][25]/Q (HIGH)

 There are 240 register/latch pins with no clock driven by root clock pin: Reg_file_inst/regs_reg[9][26]/Q (HIGH)

 There are 240 register/latch pins with no clock driven by root clock pin: Reg_file_inst/regs_reg[9][27]/Q (HIGH)

 There are 240 register/latch pins with no clock driven by root clock pin: Reg_file_inst/regs_reg[9][28]/Q (HIGH)

 There are 240 register/latch pins with no clock driven by root clock pin: Reg_file_inst/regs_reg[9][29]/Q (HIGH)

 There are 240 register/latch pins with no clock driven by root clock pin: Reg_file_inst/regs_reg[9][2]/Q (HIGH)

 There are 240 register/latch pins with no clock driven by root clock pin: Reg_file_inst/regs_reg[9][30]/Q (HIGH)

 There are 240 register/latch pins with no clock driven by root clock pin: Reg_file_inst/regs_reg[9][31]/Q (HIGH)

 There are 240 register/latch pins with no clock driven by root clock pin: Reg_file_inst/regs_reg[9][3]/Q (HIGH)

 There are 240 register/latch pins with no clock driven by root clock pin: Reg_file_inst/regs_reg[9][4]/Q (HIGH)

 There are 240 register/latch pins with no clock driven by root clock pin: Reg_file_inst/regs_reg[9][5]/Q (HIGH)

 There are 240 register/latch pins with no clock driven by root clock pin: Reg_file_inst/regs_reg[9][6]/Q (HIGH)

 There are 240 register/latch pins with no clock driven by root clock pin: Reg_file_inst/regs_reg[9][7]/Q (HIGH)

 There are 240 register/latch pins with no clock driven by root clock pin: Reg_file_inst/regs_reg[9][8]/Q (HIGH)

 There are 240 register/latch pins with no clock driven by root clock pin: Reg_file_inst/regs_reg[9][9]/Q (HIGH)

 There are 1268 register/latch pins with no clock driven by root clock pin: ce_gen_inst/cnt_reg[0]/Q (HIGH)


2. checking constant_clock (0)
------------------------------
 There are 0 register/latch pins with constant_clock.


3. checking pulse_width_clock (0)
---------------------------------
 There are 0 register/latch pins which need pulse_width check


4. checking unconstrained_internal_endpoints (4673)
---------------------------------------------------
 There are 4673 pins that are not constrained for maximum delay. (HIGH)

 There are 0 pins that are not constrained for maximum delay due to constant clock.


5. checking no_input_delay (17)
-------------------------------
 There are 17 input ports with no input delay specified. (HIGH)

 There are 0 input ports with no input delay but user has a false path constraint.


6. checking no_output_delay (27)
--------------------------------
 There are 27 ports with no output delay specified. (HIGH)

 There are 0 ports with no output delay but user has a false path constraint

 There are 0 ports with no output delay but with a timing clock defined on it or propagating through it


7. checking multiple_clock (0)
------------------------------
 There are 0 register/latch pins with multiple clocks.


8. checking generated_clocks (0)
--------------------------------
 There are 0 generated clocks that are not connected to a clock source.


9. checking loops (0)
---------------------
 There are 0 combinational loops in the design.


10. checking partial_input_delay (0)
------------------------------------
 There are 0 input ports with partial input delay specified.


11. checking partial_output_delay (0)
-------------------------------------
 There are 0 ports with partial output delay specified.


12. checking latch_loops (0)
----------------------------
 There are 0 combinational latch loops in the design through latch input



------------------------------------------------------------------------------------------------
| Design Timing Summary
| ---------------------
------------------------------------------------------------------------------------------------

    WNS(ns)      TNS(ns)  TNS Failing Endpoints  TNS Total Endpoints      WHS(ns)      THS(ns)  THS Failing Endpoints  THS Total Endpoints     WPWS(ns)     TPWS(ns)  TPWS Failing Endpoints  TPWS Total Endpoints  
    -------      -------  ---------------------  -------------------      -------      -------  ---------------------  -------------------     --------     --------  ----------------------  --------------------  
      8.603        0.000                      0                    1        0.399        0.000                      0                    1        4.500        0.000                       0                     2  


All user specified timing constraints are met.


------------------------------------------------------------------------------------------------
| Clock Summary
| -------------
------------------------------------------------------------------------------------------------

Clock        Waveform(ns)       Period(ns)      Frequency(MHz)
-----        ------------       ----------      --------------
sys_clk_pin  {0.000 5.000}      10.000          100.000         


------------------------------------------------------------------------------------------------
| Intra Clock Table
| -----------------
------------------------------------------------------------------------------------------------

Clock             WNS(ns)      TNS(ns)  TNS Failing Endpoints  TNS Total Endpoints      WHS(ns)      THS(ns)  THS Failing Endpoints  THS Total Endpoints     WPWS(ns)     TPWS(ns)  TPWS Failing Endpoints  TPWS Total Endpoints  
-----             -------      -------  ---------------------  -------------------      -------      -------  ---------------------  -------------------     --------     --------  ----------------------  --------------------  
sys_clk_pin         8.603        0.000                      0                    1        0.399        0.000                      0                    1        4.500        0.000                       0                     2  


------------------------------------------------------------------------------------------------
| Inter Clock Table
| -----------------
------------------------------------------------------------------------------------------------

From Clock    To Clock          WNS(ns)      TNS(ns)  TNS Failing Endpoints  TNS Total Endpoints      WHS(ns)      THS(ns)  THS Failing Endpoints  THS Total Endpoints  
----------    --------          -------      -------  ---------------------  -------------------      -------      -------  ---------------------  -------------------  


------------------------------------------------------------------------------------------------
| Other Path Groups Table
| -----------------------
------------------------------------------------------------------------------------------------

Path Group    From Clock    To Clock          WNS(ns)      TNS(ns)  TNS Failing Endpoints  TNS Total Endpoints      WHS(ns)      THS(ns)  THS Failing Endpoints  THS Total Endpoints  
----------    ----------    --------          -------      -------  ---------------------  -------------------      -------      -------  ---------------------  -------------------  


------------------------------------------------------------------------------------------------
| User Ignored Path Table
| -----------------------
------------------------------------------------------------------------------------------------

Path Group    From Clock    To Clock    
----------    ----------    --------    


------------------------------------------------------------------------------------------------
| Unconstrained Path Table
| ------------------------
------------------------------------------------------------------------------------------------

Path Group    From Clock    To Clock    
----------    ----------    --------    
(none)                                    


------------------------------------------------------------------------------------------------
| Timing Details
| --------------
------------------------------------------------------------------------------------------------


---------------------------------------------------------------------------------------------------
From Clock:  sys_clk_pin
  To Clock:  sys_clk_pin

Setup :            0  Failing Endpoints,  Worst Slack        8.603ns,  Total Violation        0.000ns
Hold  :            0  Failing Endpoints,  Worst Slack        0.399ns,  Total Violation        0.000ns
PW    :            0  Failing Endpoints,  Worst Slack        4.500ns,  Total Violation        0.000ns
---------------------------------------------------------------------------------------------------


Max Delay Paths
--------------------------------------------------------------------------------------
Slack (MET) :             8.603ns  (required time - arrival time)
  Source:                 ce_gen_inst/cnt_reg[0]/C
                            (falling edge-triggered cell FDRE clocked by sys_clk_pin  {rise@0.000ns fall@5.000ns period=10.000ns})
  Destination:            ce_gen_inst/cnt_reg[0]/D
                            (falling edge-triggered cell FDRE clocked by sys_clk_pin  {rise@0.000ns fall@5.000ns period=10.000ns})
  Path Group:             sys_clk_pin
  Path Type:              Setup (Max at Slow Process Corner)
  Requirement:            10.000ns  (sys_clk_pin fall@15.000ns - sys_clk_pin fall@5.000ns)
  Data Path Delay:        1.444ns  (logic 0.648ns (44.872%)  route 0.796ns (55.128%))
  Logic Levels:           1  (LUT1=1)
  Clock Path Skew:        0.000ns (DCD - SCD + CPR)
    Destination Clock Delay (DCD):    4.785ns = ( 19.785 - 15.000 ) 
    Source Clock Delay      (SCD):    5.085ns = ( 10.085 - 5.000 ) 
    Clock Pessimism Removal (CPR):    0.300ns
  Clock Uncertainty:      0.035ns  ((TSJ^2 + TIJ^2)^1/2 + DJ) / 2 + PE
    Total System Jitter     (TSJ):    0.071ns
    Total Input Jitter      (TIJ):    0.000ns
    Discrete Jitter          (DJ):    0.000ns
    Phase Error              (PE):    0.000ns

    Location             Delay type                Incr(ns)  Path(ns)    Netlist Resource(s)
  -------------------------------------------------------------------    -------------------
                         (clock sys_clk_pin fall edge)
                                                      5.000     5.000 f  
    W5                                                0.000     5.000 f  CLK (IN)
                         net (fo=0)                   0.000     5.000    CLK
    W5                   IBUF (Prop_ibuf_I_O)         1.458     6.458 f  CLK_IBUF_inst/O
                         net (fo=1, routed)           1.967     8.425    CLK_IBUF
    BUFGCTRL_X0Y9        BUFG (Prop_bufg_I_O)         0.096     8.521 f  CLK_IBUF_BUFG_inst/O
                         net (fo=1, routed)           1.564    10.085    ce_gen_inst/CLK_IBUF_BUFG
    SLICE_X34Y44         FDRE                                         r  ce_gen_inst/cnt_reg[0]/C  (IS_INVERTED)
  -------------------------------------------------------------------    -------------------
    SLICE_X34Y44         FDRE (Prop_fdre_C_Q)         0.524    10.609 f  ce_gen_inst/cnt_reg[0]/Q
                         net (fo=2, routed)           0.796    11.405    ce_gen_inst/cnt_reg[0]_0
    SLICE_X34Y44         LUT1 (Prop_lut1_I0_O)        0.124    11.529 r  ce_gen_inst/cnt[0]_i_1/O
                         net (fo=1, routed)           0.000    11.529    ce_gen_inst/cnt_next[0]
    SLICE_X34Y44         FDRE                                         r  ce_gen_inst/cnt_reg[0]/D
  -------------------------------------------------------------------    -------------------

                         (clock sys_clk_pin fall edge)
                                                     15.000    15.000 f  
    W5                                                0.000    15.000 f  CLK (IN)
                         net (fo=0)                   0.000    15.000    CLK
    W5                   IBUF (Prop_ibuf_I_O)         1.388    16.388 f  CLK_IBUF_inst/O
                         net (fo=1, routed)           1.862    18.250    CLK_IBUF
    BUFGCTRL_X0Y9        BUFG (Prop_bufg_I_O)         0.091    18.341 f  CLK_IBUF_BUFG_inst/O
                         net (fo=1, routed)           1.444    19.785    ce_gen_inst/CLK_IBUF_BUFG
    SLICE_X34Y44         FDRE                                         r  ce_gen_inst/cnt_reg[0]/C  (IS_INVERTED)
                         clock pessimism              0.300    20.085    
                         clock uncertainty           -0.035    20.050    
    SLICE_X34Y44         FDRE (Setup_fdre_C_D)        0.082    20.132    ce_gen_inst/cnt_reg[0]
  -------------------------------------------------------------------
                         required time                         20.132    
                         arrival time                         -11.529    
  -------------------------------------------------------------------
                         slack                                  8.603    





Min Delay Paths
--------------------------------------------------------------------------------------
Slack (MET) :             0.399ns  (arrival time - required time)
  Source:                 ce_gen_inst/cnt_reg[0]/C
                            (falling edge-triggered cell FDRE clocked by sys_clk_pin  {rise@0.000ns fall@5.000ns period=10.000ns})
  Destination:            ce_gen_inst/cnt_reg[0]/D
                            (falling edge-triggered cell FDRE clocked by sys_clk_pin  {rise@0.000ns fall@5.000ns period=10.000ns})
  Path Group:             sys_clk_pin
  Path Type:              Hold (Min at Fast Process Corner)
  Requirement:            0.000ns  (sys_clk_pin fall@5.000ns - sys_clk_pin fall@5.000ns)
  Data Path Delay:        0.523ns  (logic 0.212ns (40.528%)  route 0.311ns (59.472%))
  Logic Levels:           1  (LUT1=1)
  Clock Path Skew:        0.000ns (DCD - SCD - CPR)
    Destination Clock Delay (DCD):    1.958ns = ( 6.958 - 5.000 ) 
    Source Clock Delay      (SCD):    1.445ns = ( 6.445 - 5.000 ) 
    Clock Pessimism Removal (CPR):    0.513ns

    Location             Delay type                Incr(ns)  Path(ns)    Netlist Resource(s)
  -------------------------------------------------------------------    -------------------
                         (clock sys_clk_pin fall edge)
                                                      5.000     5.000 f  
    W5                                                0.000     5.000 f  CLK (IN)
                         net (fo=0)                   0.000     5.000    CLK
    W5                   IBUF (Prop_ibuf_I_O)         0.226     5.226 f  CLK_IBUF_inst/O
                         net (fo=1, routed)           0.631     5.858    CLK_IBUF
    BUFGCTRL_X0Y9        BUFG (Prop_bufg_I_O)         0.026     5.884 f  CLK_IBUF_BUFG_inst/O
                         net (fo=1, routed)           0.562     6.445    ce_gen_inst/CLK_IBUF_BUFG
    SLICE_X34Y44         FDRE                                         r  ce_gen_inst/cnt_reg[0]/C  (IS_INVERTED)
  -------------------------------------------------------------------    -------------------
    SLICE_X34Y44         FDRE (Prop_fdre_C_Q)         0.167     6.612 f  ce_gen_inst/cnt_reg[0]/Q
                         net (fo=2, routed)           0.311     6.923    ce_gen_inst/cnt_reg[0]_0
    SLICE_X34Y44         LUT1 (Prop_lut1_I0_O)        0.045     6.968 r  ce_gen_inst/cnt[0]_i_1/O
                         net (fo=1, routed)           0.000     6.968    ce_gen_inst/cnt_next[0]
    SLICE_X34Y44         FDRE                                         r  ce_gen_inst/cnt_reg[0]/D
  -------------------------------------------------------------------    -------------------

                         (clock sys_clk_pin fall edge)
                                                      5.000     5.000 f  
    W5                                                0.000     5.000 f  CLK (IN)
                         net (fo=0)                   0.000     5.000    CLK
    W5                   IBUF (Prop_ibuf_I_O)         0.414     5.414 f  CLK_IBUF_inst/O
                         net (fo=1, routed)           0.685     6.099    CLK_IBUF
    BUFGCTRL_X0Y9        BUFG (Prop_bufg_I_O)         0.029     6.128 f  CLK_IBUF_BUFG_inst/O
                         net (fo=1, routed)           0.831     6.958    ce_gen_inst/CLK_IBUF_BUFG
    SLICE_X34Y44         FDRE                                         r  ce_gen_inst/cnt_reg[0]/C  (IS_INVERTED)
                         clock pessimism             -0.513     6.445    
    SLICE_X34Y44         FDRE (Hold_fdre_C_D)         0.124     6.569    ce_gen_inst/cnt_reg[0]
  -------------------------------------------------------------------
                         required time                         -6.569    
                         arrival time                           6.968    
  -------------------------------------------------------------------
                         slack                                  0.399    





Pulse Width Checks
--------------------------------------------------------------------------------------
Clock Name:         sys_clk_pin
Waveform(ns):       { 0.000 5.000 }
Period(ns):         10.000
Sources:            { CLK }

Check Type        Corner  Lib Pin  Reference Pin  Required(ns)  Actual(ns)  Slack(ns)  Location       Pin
Min Period        n/a     BUFG/I   n/a            2.155         10.000      7.845      BUFGCTRL_X0Y9  CLK_IBUF_BUFG_inst/I
Min Period        n/a     FDRE/C   n/a            1.000         10.000      9.000      SLICE_X34Y44   ce_gen_inst/cnt_reg[0]/C
Low Pulse Width   Slow    FDRE/C   n/a            0.500         5.000       4.500      SLICE_X34Y44   ce_gen_inst/cnt_reg[0]/C
Low Pulse Width   Fast    FDRE/C   n/a            0.500         5.000       4.500      SLICE_X34Y44   ce_gen_inst/cnt_reg[0]/C
High Pulse Width  Slow    FDRE/C   n/a            0.500         5.000       4.500      SLICE_X34Y44   ce_gen_inst/cnt_reg[0]/C
High Pulse Width  Fast    FDRE/C   n/a            0.500         5.000       4.500      SLICE_X34Y44   ce_gen_inst/cnt_reg[0]/C



--------------------------------------------------------------------------------------
Path Group:  (none)
From Clock:  
  To Clock:  

Max Delay          4700 Endpoints
Min Delay          4700 Endpoints
--------------------------------------------------------------------------------------


Max Delay Paths
--------------------------------------------------------------------------------------
Slack:                    inf
  Source:                 Instruction_Cache_inst/r_data_reg[1]/C
                            (rising edge-triggered cell FDRE)
  Destination:            Instruction_Cache_inst/r_data_reg[19]/R
  Path Group:             (none)
  Path Type:              Max at Slow Process Corner
  Data Path Delay:        30.512ns  (logic 3.882ns (12.723%)  route 26.630ns (87.277%))
  Logic Levels:           16  (CARRY4=2 FDRE=1 LUT2=3 LUT3=1 LUT4=2 LUT6=6 MUXF7=1)

    Location             Delay type                Incr(ns)  Path(ns)    Netlist Resource(s)
  -------------------------------------------------------------------    -------------------
    SLICE_X42Y46         FDRE                         0.000     0.000 r  Instruction_Cache_inst/r_data_reg[1]/C
    SLICE_X42Y46         FDRE (Prop_fdre_C_Q)         0.518     0.518 r  Instruction_Cache_inst/r_data_reg[1]/Q
                         net (fo=52, routed)          0.790     1.308    Instruction_Cache_inst/instruct[1]
    SLICE_X38Y47         LUT2 (Prop_lut2_I0_O)        0.150     1.458 f  Instruction_Cache_inst/regs[0][31]_i_6/O
                         net (fo=24, routed)          1.834     3.292    Instruction_Cache_inst/regs[0][31]_i_6_n_1
    SLICE_X47Y45         LUT6 (Prop_lut6_I5_O)        0.328     3.620 r  Instruction_Cache_inst/regs[1][6]_i_14/O
                         net (fo=7, routed)           1.027     4.646    Instruction_Cache_inst/regs[1][6]_i_14_n_1
    SLICE_X47Y44         LUT2 (Prop_lut2_I0_O)        0.152     4.798 r  Instruction_Cache_inst/blk_mem_gen_0_A_i_100/O
                         net (fo=122, routed)         7.074    11.872    Reg_file_inst/rs1_addr[2]
    SLICE_X49Y64         MUXF7 (Prop_muxf7_S_O)       0.478    12.350 f  Reg_file_inst/out_regs_reg[0][23]_i_26/O
                         net (fo=1, routed)           1.279    13.629    Reg_file_inst/out_regs_reg[0][23]_i_26_n_1
    SLICE_X50Y61         LUT6 (Prop_lut6_I3_O)        0.299    13.928 f  Reg_file_inst/out_regs_reg[0][23]_i_14/O
                         net (fo=32, routed)          2.254    16.182    Reg_file_inst/rs1_value[23]
    SLICE_X53Y53         LUT4 (Prop_lut4_I1_O)        0.152    16.334 r  Reg_file_inst/out_regs_reg[0][30]_i_92/O
                         net (fo=2, routed)           0.537    16.871    Reg_file_inst/out_regs_reg[0][30]_i_92_n_1
    SLICE_X49Y53         CARRY4 (Prop_carry4_DI[3]_CO[3])
                                                      0.587    17.458 r  Reg_file_inst/out_regs_reg[0][30]_i_53/CO[3]
                         net (fo=1, routed)           0.000    17.458    Reg_file_inst/out_regs_reg[0][30]_i_53_n_1
    SLICE_X49Y54         CARRY4 (Prop_carry4_CI_CO[3])
                                                      0.114    17.572 r  Reg_file_inst/out_regs_reg[0][30]_i_26/CO[3]
                         net (fo=34, routed)          1.333    18.905    Reg_file_inst/top_alu_async_inst/f_set_less
    SLICE_X38Y54         LUT4 (Prop_lut4_I0_O)        0.124    19.029 f  Reg_file_inst/PC[31]_i_30/O
                         net (fo=30, routed)          3.852    22.881    Instruction_Cache_inst/PC[31]_i_8_1
    SLICE_X36Y40         LUT6 (Prop_lut6_I5_O)        0.124    23.005 f  Instruction_Cache_inst/PC[15]_i_11/O
                         net (fo=1, routed)           0.650    23.655    Instruction_Cache_inst/PC[15]_i_11_n_1
    SLICE_X36Y40         LUT6 (Prop_lut6_I0_O)        0.124    23.779 f  Instruction_Cache_inst/PC[15]_i_4/O
                         net (fo=1, routed)           0.849    24.628    Instruction_Cache_inst/PC[15]_i_4_n_1
    SLICE_X36Y42         LUT6 (Prop_lut6_I5_O)        0.124    24.752 r  Instruction_Cache_inst/PC[15]_i_2/O
                         net (fo=2, routed)           0.840    25.592    Instruction_Cache_inst/PC_SET[15]
    SLICE_X29Y42         LUT3 (Prop_lut3_I0_O)        0.152    25.744 r  Instruction_Cache_inst/PC[15]_i_1/O
                         net (fo=2, routed)           0.958    26.702    Instruction_Cache_inst/p_1_in[15]
    SLICE_X35Y42         LUT6 (Prop_lut6_I3_O)        0.332    27.034 f  Instruction_Cache_inst/r_data[31]_i_2/O
                         net (fo=1, routed)           0.433    27.467    Instruction_Cache_inst/r_data[31]_i_2_n_1
    SLICE_X35Y42         LUT2 (Prop_lut2_I1_O)        0.124    27.591 r  Instruction_Cache_inst/r_data[31]_i_1/O
                         net (fo=32, routed)          2.921    30.512    Instruction_Cache_inst/r_data[31]_i_1_n_1
    SLICE_X50Y44         FDRE                                         r  Instruction_Cache_inst/r_data_reg[19]/R
  -------------------------------------------------------------------    -------------------

Slack:                    inf
  Source:                 Instruction_Cache_inst/r_data_reg[1]/C
                            (rising edge-triggered cell FDRE)
  Destination:            Instruction_Cache_inst/r_data_reg[13]/R
  Path Group:             (none)
  Path Type:              Max at Slow Process Corner
  Data Path Delay:        30.374ns  (logic 3.882ns (12.781%)  route 26.492ns (87.219%))
  Logic Levels:           16  (CARRY4=2 FDRE=1 LUT2=3 LUT3=1 LUT4=2 LUT6=6 MUXF7=1)

    Location             Delay type                Incr(ns)  Path(ns)    Netlist Resource(s)
  -------------------------------------------------------------------    -------------------
    SLICE_X42Y46         FDRE                         0.000     0.000 r  Instruction_Cache_inst/r_data_reg[1]/C
    SLICE_X42Y46         FDRE (Prop_fdre_C_Q)         0.518     0.518 r  Instruction_Cache_inst/r_data_reg[1]/Q
                         net (fo=52, routed)          0.790     1.308    Instruction_Cache_inst/instruct[1]
    SLICE_X38Y47         LUT2 (Prop_lut2_I0_O)        0.150     1.458 f  Instruction_Cache_inst/regs[0][31]_i_6/O
                         net (fo=24, routed)          1.834     3.292    Instruction_Cache_inst/regs[0][31]_i_6_n_1
    SLICE_X47Y45         LUT6 (Prop_lut6_I5_O)        0.328     3.620 r  Instruction_Cache_inst/regs[1][6]_i_14/O
                         net (fo=7, routed)           1.027     4.646    Instruction_Cache_inst/regs[1][6]_i_14_n_1
    SLICE_X47Y44         LUT2 (Prop_lut2_I0_O)        0.152     4.798 r  Instruction_Cache_inst/blk_mem_gen_0_A_i_100/O
                         net (fo=122, routed)         7.074    11.872    Reg_file_inst/rs1_addr[2]
    SLICE_X49Y64         MUXF7 (Prop_muxf7_S_O)       0.478    12.350 f  Reg_file_inst/out_regs_reg[0][23]_i_26/O
                         net (fo=1, routed)           1.279    13.629    Reg_file_inst/out_regs_reg[0][23]_i_26_n_1
    SLICE_X50Y61         LUT6 (Prop_lut6_I3_O)        0.299    13.928 f  Reg_file_inst/out_regs_reg[0][23]_i_14/O
                         net (fo=32, routed)          2.254    16.182    Reg_file_inst/rs1_value[23]
    SLICE_X53Y53         LUT4 (Prop_lut4_I1_O)        0.152    16.334 r  Reg_file_inst/out_regs_reg[0][30]_i_92/O
                         net (fo=2, routed)           0.537    16.871    Reg_file_inst/out_regs_reg[0][30]_i_92_n_1
    SLICE_X49Y53         CARRY4 (Prop_carry4_DI[3]_CO[3])
                                                      0.587    17.458 r  Reg_file_inst/out_regs_reg[0][30]_i_53/CO[3]
                         net (fo=1, routed)           0.000    17.458    Reg_file_inst/out_regs_reg[0][30]_i_53_n_1
    SLICE_X49Y54         CARRY4 (Prop_carry4_CI_CO[3])
                                                      0.114    17.572 r  Reg_file_inst/out_regs_reg[0][30]_i_26/CO[3]
                         net (fo=34, routed)          1.333    18.905    Reg_file_inst/top_alu_async_inst/f_set_less
    SLICE_X38Y54         LUT4 (Prop_lut4_I0_O)        0.124    19.029 f  Reg_file_inst/PC[31]_i_30/O
                         net (fo=30, routed)          3.852    22.881    Instruction_Cache_inst/PC[31]_i_8_1
    SLICE_X36Y40         LUT6 (Prop_lut6_I5_O)        0.124    23.005 f  Instruction_Cache_inst/PC[15]_i_11/O
                         net (fo=1, routed)           0.650    23.655    Instruction_Cache_inst/PC[15]_i_11_n_1
    SLICE_X36Y40         LUT6 (Prop_lut6_I0_O)        0.124    23.779 f  Instruction_Cache_inst/PC[15]_i_4/O
                         net (fo=1, routed)           0.849    24.628    Instruction_Cache_inst/PC[15]_i_4_n_1
    SLICE_X36Y42         LUT6 (Prop_lut6_I5_O)        0.124    24.752 r  Instruction_Cache_inst/PC[15]_i_2/O
                         net (fo=2, routed)           0.840    25.592    Instruction_Cache_inst/PC_SET[15]
    SLICE_X29Y42         LUT3 (Prop_lut3_I0_O)        0.152    25.744 r  Instruction_Cache_inst/PC[15]_i_1/O
                         net (fo=2, routed)           0.958    26.702    Instruction_Cache_inst/p_1_in[15]
    SLICE_X35Y42         LUT6 (Prop_lut6_I3_O)        0.332    27.034 f  Instruction_Cache_inst/r_data[31]_i_2/O
                         net (fo=1, routed)           0.433    27.467    Instruction_Cache_inst/r_data[31]_i_2_n_1
    SLICE_X35Y42         LUT2 (Prop_lut2_I1_O)        0.124    27.591 r  Instruction_Cache_inst/r_data[31]_i_1/O
                         net (fo=32, routed)          2.783    30.374    Instruction_Cache_inst/r_data[31]_i_1_n_1
    SLICE_X46Y42         FDRE                                         r  Instruction_Cache_inst/r_data_reg[13]/R
  -------------------------------------------------------------------    -------------------

Slack:                    inf
  Source:                 Instruction_Cache_inst/r_data_reg[1]/C
                            (rising edge-triggered cell FDRE)
  Destination:            Instruction_Cache_inst/r_data_reg[18]/R
  Path Group:             (none)
  Path Type:              Max at Slow Process Corner
  Data Path Delay:        30.365ns  (logic 3.882ns (12.785%)  route 26.483ns (87.215%))
  Logic Levels:           16  (CARRY4=2 FDRE=1 LUT2=3 LUT3=1 LUT4=2 LUT6=6 MUXF7=1)

    Location             Delay type                Incr(ns)  Path(ns)    Netlist Resource(s)
  -------------------------------------------------------------------    -------------------
    SLICE_X42Y46         FDRE                         0.000     0.000 r  Instruction_Cache_inst/r_data_reg[1]/C
    SLICE_X42Y46         FDRE (Prop_fdre_C_Q)         0.518     0.518 r  Instruction_Cache_inst/r_data_reg[1]/Q
                         net (fo=52, routed)          0.790     1.308    Instruction_Cache_inst/instruct[1]
    SLICE_X38Y47         LUT2 (Prop_lut2_I0_O)        0.150     1.458 f  Instruction_Cache_inst/regs[0][31]_i_6/O
                         net (fo=24, routed)          1.834     3.292    Instruction_Cache_inst/regs[0][31]_i_6_n_1
    SLICE_X47Y45         LUT6 (Prop_lut6_I5_O)        0.328     3.620 r  Instruction_Cache_inst/regs[1][6]_i_14/O
                         net (fo=7, routed)           1.027     4.646    Instruction_Cache_inst/regs[1][6]_i_14_n_1
    SLICE_X47Y44         LUT2 (Prop_lut2_I0_O)        0.152     4.798 r  Instruction_Cache_inst/blk_mem_gen_0_A_i_100/O
                         net (fo=122, routed)         7.074    11.872    Reg_file_inst/rs1_addr[2]
    SLICE_X49Y64         MUXF7 (Prop_muxf7_S_O)       0.478    12.350 f  Reg_file_inst/out_regs_reg[0][23]_i_26/O
                         net (fo=1, routed)           1.279    13.629    Reg_file_inst/out_regs_reg[0][23]_i_26_n_1
    SLICE_X50Y61         LUT6 (Prop_lut6_I3_O)        0.299    13.928 f  Reg_file_inst/out_regs_reg[0][23]_i_14/O
                         net (fo=32, routed)          2.254    16.182    Reg_file_inst/rs1_value[23]
    SLICE_X53Y53         LUT4 (Prop_lut4_I1_O)        0.152    16.334 r  Reg_file_inst/out_regs_reg[0][30]_i_92/O
                         net (fo=2, routed)           0.537    16.871    Reg_file_inst/out_regs_reg[0][30]_i_92_n_1
    SLICE_X49Y53         CARRY4 (Prop_carry4_DI[3]_CO[3])
                                                      0.587    17.458 r  Reg_file_inst/out_regs_reg[0][30]_i_53/CO[3]
                         net (fo=1, routed)           0.000    17.458    Reg_file_inst/out_regs_reg[0][30]_i_53_n_1
    SLICE_X49Y54         CARRY4 (Prop_carry4_CI_CO[3])
                                                      0.114    17.572 r  Reg_file_inst/out_regs_reg[0][30]_i_26/CO[3]
                         net (fo=34, routed)          1.333    18.905    Reg_file_inst/top_alu_async_inst/f_set_less
    SLICE_X38Y54         LUT4 (Prop_lut4_I0_O)        0.124    19.029 f  Reg_file_inst/PC[31]_i_30/O
                         net (fo=30, routed)          3.852    22.881    Instruction_Cache_inst/PC[31]_i_8_1
    SLICE_X36Y40         LUT6 (Prop_lut6_I5_O)        0.124    23.005 f  Instruction_Cache_inst/PC[15]_i_11/O
                         net (fo=1, routed)           0.650    23.655    Instruction_Cache_inst/PC[15]_i_11_n_1
    SLICE_X36Y40         LUT6 (Prop_lut6_I0_O)        0.124    23.779 f  Instruction_Cache_inst/PC[15]_i_4/O
                         net (fo=1, routed)           0.849    24.628    Instruction_Cache_inst/PC[15]_i_4_n_1
    SLICE_X36Y42         LUT6 (Prop_lut6_I5_O)        0.124    24.752 r  Instruction_Cache_inst/PC[15]_i_2/O
                         net (fo=2, routed)           0.840    25.592    Instruction_Cache_inst/PC_SET[15]
    SLICE_X29Y42         LUT3 (Prop_lut3_I0_O)        0.152    25.744 r  Instruction_Cache_inst/PC[15]_i_1/O
                         net (fo=2, routed)           0.958    26.702    Instruction_Cache_inst/p_1_in[15]
    SLICE_X35Y42         LUT6 (Prop_lut6_I3_O)        0.332    27.034 f  Instruction_Cache_inst/r_data[31]_i_2/O
                         net (fo=1, routed)           0.433    27.467    Instruction_Cache_inst/r_data[31]_i_2_n_1
    SLICE_X35Y42         LUT2 (Prop_lut2_I1_O)        0.124    27.591 r  Instruction_Cache_inst/r_data[31]_i_1/O
                         net (fo=32, routed)          2.774    30.365    Instruction_Cache_inst/r_data[31]_i_1_n_1
    SLICE_X50Y45         FDRE                                         r  Instruction_Cache_inst/r_data_reg[18]/R
  -------------------------------------------------------------------    -------------------

Slack:                    inf
  Source:                 Instruction_Cache_inst/r_data_reg[1]/C
                            (rising edge-triggered cell FDRE)
  Destination:            Instruction_Cache_inst/r_data_reg[9]/R
  Path Group:             (none)
  Path Type:              Max at Slow Process Corner
  Data Path Delay:        30.280ns  (logic 3.882ns (12.820%)  route 26.398ns (87.180%))
  Logic Levels:           16  (CARRY4=2 FDRE=1 LUT2=3 LUT3=1 LUT4=2 LUT6=6 MUXF7=1)

    Location             Delay type                Incr(ns)  Path(ns)    Netlist Resource(s)
  -------------------------------------------------------------------    -------------------
    SLICE_X42Y46         FDRE                         0.000     0.000 r  Instruction_Cache_inst/r_data_reg[1]/C
    SLICE_X42Y46         FDRE (Prop_fdre_C_Q)         0.518     0.518 r  Instruction_Cache_inst/r_data_reg[1]/Q
                         net (fo=52, routed)          0.790     1.308    Instruction_Cache_inst/instruct[1]
    SLICE_X38Y47         LUT2 (Prop_lut2_I0_O)        0.150     1.458 f  Instruction_Cache_inst/regs[0][31]_i_6/O
                         net (fo=24, routed)          1.834     3.292    Instruction_Cache_inst/regs[0][31]_i_6_n_1
    SLICE_X47Y45         LUT6 (Prop_lut6_I5_O)        0.328     3.620 r  Instruction_Cache_inst/regs[1][6]_i_14/O
                         net (fo=7, routed)           1.027     4.646    Instruction_Cache_inst/regs[1][6]_i_14_n_1
    SLICE_X47Y44         LUT2 (Prop_lut2_I0_O)        0.152     4.798 r  Instruction_Cache_inst/blk_mem_gen_0_A_i_100/O
                         net (fo=122, routed)         7.074    11.872    Reg_file_inst/rs1_addr[2]
    SLICE_X49Y64         MUXF7 (Prop_muxf7_S_O)       0.478    12.350 f  Reg_file_inst/out_regs_reg[0][23]_i_26/O
                         net (fo=1, routed)           1.279    13.629    Reg_file_inst/out_regs_reg[0][23]_i_26_n_1
    SLICE_X50Y61         LUT6 (Prop_lut6_I3_O)        0.299    13.928 f  Reg_file_inst/out_regs_reg[0][23]_i_14/O
                         net (fo=32, routed)          2.254    16.182    Reg_file_inst/rs1_value[23]
    SLICE_X53Y53         LUT4 (Prop_lut4_I1_O)        0.152    16.334 r  Reg_file_inst/out_regs_reg[0][30]_i_92/O
                         net (fo=2, routed)           0.537    16.871    Reg_file_inst/out_regs_reg[0][30]_i_92_n_1
    SLICE_X49Y53         CARRY4 (Prop_carry4_DI[3]_CO[3])
                                                      0.587    17.458 r  Reg_file_inst/out_regs_reg[0][30]_i_53/CO[3]
                         net (fo=1, routed)           0.000    17.458    Reg_file_inst/out_regs_reg[0][30]_i_53_n_1
    SLICE_X49Y54         CARRY4 (Prop_carry4_CI_CO[3])
                                                      0.114    17.572 r  Reg_file_inst/out_regs_reg[0][30]_i_26/CO[3]
                         net (fo=34, routed)          1.333    18.905    Reg_file_inst/top_alu_async_inst/f_set_less
    SLICE_X38Y54         LUT4 (Prop_lut4_I0_O)        0.124    19.029 f  Reg_file_inst/PC[31]_i_30/O
                         net (fo=30, routed)          3.852    22.881    Instruction_Cache_inst/PC[31]_i_8_1
    SLICE_X36Y40         LUT6 (Prop_lut6_I5_O)        0.124    23.005 f  Instruction_Cache_inst/PC[15]_i_11/O
                         net (fo=1, routed)           0.650    23.655    Instruction_Cache_inst/PC[15]_i_11_n_1
    SLICE_X36Y40         LUT6 (Prop_lut6_I0_O)        0.124    23.779 f  Instruction_Cache_inst/PC[15]_i_4/O
                         net (fo=1, routed)           0.849    24.628    Instruction_Cache_inst/PC[15]_i_4_n_1
    SLICE_X36Y42         LUT6 (Prop_lut6_I5_O)        0.124    24.752 r  Instruction_Cache_inst/PC[15]_i_2/O
                         net (fo=2, routed)           0.840    25.592    Instruction_Cache_inst/PC_SET[15]
    SLICE_X29Y42         LUT3 (Prop_lut3_I0_O)        0.152    25.744 r  Instruction_Cache_inst/PC[15]_i_1/O
                         net (fo=2, routed)           0.958    26.702    Instruction_Cache_inst/p_1_in[15]
    SLICE_X35Y42         LUT6 (Prop_lut6_I3_O)        0.332    27.034 f  Instruction_Cache_inst/r_data[31]_i_2/O
                         net (fo=1, routed)           0.433    27.467    Instruction_Cache_inst/r_data[31]_i_2_n_1
    SLICE_X35Y42         LUT2 (Prop_lut2_I1_O)        0.124    27.591 r  Instruction_Cache_inst/r_data[31]_i_1/O
                         net (fo=32, routed)          2.689    30.280    Instruction_Cache_inst/r_data[31]_i_1_n_1
    SLICE_X52Y49         FDRE                                         r  Instruction_Cache_inst/r_data_reg[9]/R
  -------------------------------------------------------------------    -------------------

Slack:                    inf
  Source:                 Instruction_Cache_inst/r_data_reg[1]/C
                            (rising edge-triggered cell FDRE)
  Destination:            Instruction_Cache_inst/r_data_reg[5]/R
  Path Group:             (none)
  Path Type:              Max at Slow Process Corner
  Data Path Delay:        30.213ns  (logic 3.882ns (12.849%)  route 26.331ns (87.151%))
  Logic Levels:           16  (CARRY4=2 FDRE=1 LUT2=3 LUT3=1 LUT4=2 LUT6=6 MUXF7=1)

    Location             Delay type                Incr(ns)  Path(ns)    Netlist Resource(s)
  -------------------------------------------------------------------    -------------------
    SLICE_X42Y46         FDRE                         0.000     0.000 r  Instruction_Cache_inst/r_data_reg[1]/C
    SLICE_X42Y46         FDRE (Prop_fdre_C_Q)         0.518     0.518 r  Instruction_Cache_inst/r_data_reg[1]/Q
                         net (fo=52, routed)          0.790     1.308    Instruction_Cache_inst/instruct[1]
    SLICE_X38Y47         LUT2 (Prop_lut2_I0_O)        0.150     1.458 f  Instruction_Cache_inst/regs[0][31]_i_6/O
                         net (fo=24, routed)          1.834     3.292    Instruction_Cache_inst/regs[0][31]_i_6_n_1
    SLICE_X47Y45         LUT6 (Prop_lut6_I5_O)        0.328     3.620 r  Instruction_Cache_inst/regs[1][6]_i_14/O
                         net (fo=7, routed)           1.027     4.646    Instruction_Cache_inst/regs[1][6]_i_14_n_1
    SLICE_X47Y44         LUT2 (Prop_lut2_I0_O)        0.152     4.798 r  Instruction_Cache_inst/blk_mem_gen_0_A_i_100/O
                         net (fo=122, routed)         7.074    11.872    Reg_file_inst/rs1_addr[2]
    SLICE_X49Y64         MUXF7 (Prop_muxf7_S_O)       0.478    12.350 f  Reg_file_inst/out_regs_reg[0][23]_i_26/O
                         net (fo=1, routed)           1.279    13.629    Reg_file_inst/out_regs_reg[0][23]_i_26_n_1
    SLICE_X50Y61         LUT6 (Prop_lut6_I3_O)        0.299    13.928 f  Reg_file_inst/out_regs_reg[0][23]_i_14/O
                         net (fo=32, routed)          2.254    16.182    Reg_file_inst/rs1_value[23]
    SLICE_X53Y53         LUT4 (Prop_lut4_I1_O)        0.152    16.334 r  Reg_file_inst/out_regs_reg[0][30]_i_92/O
                         net (fo=2, routed)           0.537    16.871    Reg_file_inst/out_regs_reg[0][30]_i_92_n_1
    SLICE_X49Y53         CARRY4 (Prop_carry4_DI[3]_CO[3])
                                                      0.587    17.458 r  Reg_file_inst/out_regs_reg[0][30]_i_53/CO[3]
                         net (fo=1, routed)           0.000    17.458    Reg_file_inst/out_regs_reg[0][30]_i_53_n_1
    SLICE_X49Y54         CARRY4 (Prop_carry4_CI_CO[3])
                                                      0.114    17.572 r  Reg_file_inst/out_regs_reg[0][30]_i_26/CO[3]
                         net (fo=34, routed)          1.333    18.905    Reg_file_inst/top_alu_async_inst/f_set_less
    SLICE_X38Y54         LUT4 (Prop_lut4_I0_O)        0.124    19.029 f  Reg_file_inst/PC[31]_i_30/O
                         net (fo=30, routed)          3.852    22.881    Instruction_Cache_inst/PC[31]_i_8_1
    SLICE_X36Y40         LUT6 (Prop_lut6_I5_O)        0.124    23.005 f  Instruction_Cache_inst/PC[15]_i_11/O
                         net (fo=1, routed)           0.650    23.655    Instruction_Cache_inst/PC[15]_i_11_n_1
    SLICE_X36Y40         LUT6 (Prop_lut6_I0_O)        0.124    23.779 f  Instruction_Cache_inst/PC[15]_i_4/O
                         net (fo=1, routed)           0.849    24.628    Instruction_Cache_inst/PC[15]_i_4_n_1
    SLICE_X36Y42         LUT6 (Prop_lut6_I5_O)        0.124    24.752 r  Instruction_Cache_inst/PC[15]_i_2/O
                         net (fo=2, routed)           0.840    25.592    Instruction_Cache_inst/PC_SET[15]
    SLICE_X29Y42         LUT3 (Prop_lut3_I0_O)        0.152    25.744 r  Instruction_Cache_inst/PC[15]_i_1/O
                         net (fo=2, routed)           0.958    26.702    Instruction_Cache_inst/p_1_in[15]
    SLICE_X35Y42         LUT6 (Prop_lut6_I3_O)        0.332    27.034 f  Instruction_Cache_inst/r_data[31]_i_2/O
                         net (fo=1, routed)           0.433    27.467    Instruction_Cache_inst/r_data[31]_i_2_n_1
    SLICE_X35Y42         LUT2 (Prop_lut2_I1_O)        0.124    27.591 r  Instruction_Cache_inst/r_data[31]_i_1/O
                         net (fo=32, routed)          2.622    30.213    Instruction_Cache_inst/r_data[31]_i_1_n_1
    SLICE_X50Y43         FDRE                                         r  Instruction_Cache_inst/r_data_reg[5]/R
  -------------------------------------------------------------------    -------------------

Slack:                    inf
  Source:                 Instruction_Cache_inst/r_data_reg[1]/C
                            (rising edge-triggered cell FDRE)
  Destination:            Instruction_Cache_inst/r_data_reg[12]/R
  Path Group:             (none)
  Path Type:              Max at Slow Process Corner
  Data Path Delay:        30.103ns  (logic 3.882ns (12.896%)  route 26.221ns (87.104%))
  Logic Levels:           16  (CARRY4=2 FDRE=1 LUT2=3 LUT3=1 LUT4=2 LUT6=6 MUXF7=1)

    Location             Delay type                Incr(ns)  Path(ns)    Netlist Resource(s)
  -------------------------------------------------------------------    -------------------
    SLICE_X42Y46         FDRE                         0.000     0.000 r  Instruction_Cache_inst/r_data_reg[1]/C
    SLICE_X42Y46         FDRE (Prop_fdre_C_Q)         0.518     0.518 r  Instruction_Cache_inst/r_data_reg[1]/Q
                         net (fo=52, routed)          0.790     1.308    Instruction_Cache_inst/instruct[1]
    SLICE_X38Y47         LUT2 (Prop_lut2_I0_O)        0.150     1.458 f  Instruction_Cache_inst/regs[0][31]_i_6/O
                         net (fo=24, routed)          1.834     3.292    Instruction_Cache_inst/regs[0][31]_i_6_n_1
    SLICE_X47Y45         LUT6 (Prop_lut6_I5_O)        0.328     3.620 r  Instruction_Cache_inst/regs[1][6]_i_14/O
                         net (fo=7, routed)           1.027     4.646    Instruction_Cache_inst/regs[1][6]_i_14_n_1
    SLICE_X47Y44         LUT2 (Prop_lut2_I0_O)        0.152     4.798 r  Instruction_Cache_inst/blk_mem_gen_0_A_i_100/O
                         net (fo=122, routed)         7.074    11.872    Reg_file_inst/rs1_addr[2]
    SLICE_X49Y64         MUXF7 (Prop_muxf7_S_O)       0.478    12.350 f  Reg_file_inst/out_regs_reg[0][23]_i_26/O
                         net (fo=1, routed)           1.279    13.629    Reg_file_inst/out_regs_reg[0][23]_i_26_n_1
    SLICE_X50Y61         LUT6 (Prop_lut6_I3_O)        0.299    13.928 f  Reg_file_inst/out_regs_reg[0][23]_i_14/O
                         net (fo=32, routed)          2.254    16.182    Reg_file_inst/rs1_value[23]
    SLICE_X53Y53         LUT4 (Prop_lut4_I1_O)        0.152    16.334 r  Reg_file_inst/out_regs_reg[0][30]_i_92/O
                         net (fo=2, routed)           0.537    16.871    Reg_file_inst/out_regs_reg[0][30]_i_92_n_1
    SLICE_X49Y53         CARRY4 (Prop_carry4_DI[3]_CO[3])
                                                      0.587    17.458 r  Reg_file_inst/out_regs_reg[0][30]_i_53/CO[3]
                         net (fo=1, routed)           0.000    17.458    Reg_file_inst/out_regs_reg[0][30]_i_53_n_1
    SLICE_X49Y54         CARRY4 (Prop_carry4_CI_CO[3])
                                                      0.114    17.572 r  Reg_file_inst/out_regs_reg[0][30]_i_26/CO[3]
                         net (fo=34, routed)          1.333    18.905    Reg_file_inst/top_alu_async_inst/f_set_less
    SLICE_X38Y54         LUT4 (Prop_lut4_I0_O)        0.124    19.029 f  Reg_file_inst/PC[31]_i_30/O
                         net (fo=30, routed)          3.852    22.881    Instruction_Cache_inst/PC[31]_i_8_1
    SLICE_X36Y40         LUT6 (Prop_lut6_I5_O)        0.124    23.005 f  Instruction_Cache_inst/PC[15]_i_11/O
                         net (fo=1, routed)           0.650    23.655    Instruction_Cache_inst/PC[15]_i_11_n_1
    SLICE_X36Y40         LUT6 (Prop_lut6_I0_O)        0.124    23.779 f  Instruction_Cache_inst/PC[15]_i_4/O
                         net (fo=1, routed)           0.849    24.628    Instruction_Cache_inst/PC[15]_i_4_n_1
    SLICE_X36Y42         LUT6 (Prop_lut6_I5_O)        0.124    24.752 r  Instruction_Cache_inst/PC[15]_i_2/O
                         net (fo=2, routed)           0.840    25.592    Instruction_Cache_inst/PC_SET[15]
    SLICE_X29Y42         LUT3 (Prop_lut3_I0_O)        0.152    25.744 r  Instruction_Cache_inst/PC[15]_i_1/O
                         net (fo=2, routed)           0.958    26.702    Instruction_Cache_inst/p_1_in[15]
    SLICE_X35Y42         LUT6 (Prop_lut6_I3_O)        0.332    27.034 f  Instruction_Cache_inst/r_data[31]_i_2/O
                         net (fo=1, routed)           0.433    27.467    Instruction_Cache_inst/r_data[31]_i_2_n_1
    SLICE_X35Y42         LUT2 (Prop_lut2_I1_O)        0.124    27.591 r  Instruction_Cache_inst/r_data[31]_i_1/O
                         net (fo=32, routed)          2.512    30.103    Instruction_Cache_inst/r_data[31]_i_1_n_1
    SLICE_X46Y43         FDRE                                         r  Instruction_Cache_inst/r_data_reg[12]/R
  -------------------------------------------------------------------    -------------------

Slack:                    inf
  Source:                 Instruction_Cache_inst/r_data_reg[1]/C
                            (rising edge-triggered cell FDRE)
  Destination:            Instruction_Cache_inst/r_data_reg[7]/R
  Path Group:             (none)
  Path Type:              Max at Slow Process Corner
  Data Path Delay:        30.070ns  (logic 3.882ns (12.910%)  route 26.188ns (87.090%))
  Logic Levels:           16  (CARRY4=2 FDRE=1 LUT2=3 LUT3=1 LUT4=2 LUT6=6 MUXF7=1)

    Location             Delay type                Incr(ns)  Path(ns)    Netlist Resource(s)
  -------------------------------------------------------------------    -------------------
    SLICE_X42Y46         FDRE                         0.000     0.000 r  Instruction_Cache_inst/r_data_reg[1]/C
    SLICE_X42Y46         FDRE (Prop_fdre_C_Q)         0.518     0.518 r  Instruction_Cache_inst/r_data_reg[1]/Q
                         net (fo=52, routed)          0.790     1.308    Instruction_Cache_inst/instruct[1]
    SLICE_X38Y47         LUT2 (Prop_lut2_I0_O)        0.150     1.458 f  Instruction_Cache_inst/regs[0][31]_i_6/O
                         net (fo=24, routed)          1.834     3.292    Instruction_Cache_inst/regs[0][31]_i_6_n_1
    SLICE_X47Y45         LUT6 (Prop_lut6_I5_O)        0.328     3.620 r  Instruction_Cache_inst/regs[1][6]_i_14/O
                         net (fo=7, routed)           1.027     4.646    Instruction_Cache_inst/regs[1][6]_i_14_n_1
    SLICE_X47Y44         LUT2 (Prop_lut2_I0_O)        0.152     4.798 r  Instruction_Cache_inst/blk_mem_gen_0_A_i_100/O
                         net (fo=122, routed)         7.074    11.872    Reg_file_inst/rs1_addr[2]
    SLICE_X49Y64         MUXF7 (Prop_muxf7_S_O)       0.478    12.350 f  Reg_file_inst/out_regs_reg[0][23]_i_26/O
                         net (fo=1, routed)           1.279    13.629    Reg_file_inst/out_regs_reg[0][23]_i_26_n_1
    SLICE_X50Y61         LUT6 (Prop_lut6_I3_O)        0.299    13.928 f  Reg_file_inst/out_regs_reg[0][23]_i_14/O
                         net (fo=32, routed)          2.254    16.182    Reg_file_inst/rs1_value[23]
    SLICE_X53Y53         LUT4 (Prop_lut4_I1_O)        0.152    16.334 r  Reg_file_inst/out_regs_reg[0][30]_i_92/O
                         net (fo=2, routed)           0.537    16.871    Reg_file_inst/out_regs_reg[0][30]_i_92_n_1
    SLICE_X49Y53         CARRY4 (Prop_carry4_DI[3]_CO[3])
                                                      0.587    17.458 r  Reg_file_inst/out_regs_reg[0][30]_i_53/CO[3]
                         net (fo=1, routed)           0.000    17.458    Reg_file_inst/out_regs_reg[0][30]_i_53_n_1
    SLICE_X49Y54         CARRY4 (Prop_carry4_CI_CO[3])
                                                      0.114    17.572 r  Reg_file_inst/out_regs_reg[0][30]_i_26/CO[3]
                         net (fo=34, routed)          1.333    18.905    Reg_file_inst/top_alu_async_inst/f_set_less
    SLICE_X38Y54         LUT4 (Prop_lut4_I0_O)        0.124    19.029 f  Reg_file_inst/PC[31]_i_30/O
                         net (fo=30, routed)          3.852    22.881    Instruction_Cache_inst/PC[31]_i_8_1
    SLICE_X36Y40         LUT6 (Prop_lut6_I5_O)        0.124    23.005 f  Instruction_Cache_inst/PC[15]_i_11/O
                         net (fo=1, routed)           0.650    23.655    Instruction_Cache_inst/PC[15]_i_11_n_1
    SLICE_X36Y40         LUT6 (Prop_lut6_I0_O)        0.124    23.779 f  Instruction_Cache_inst/PC[15]_i_4/O
                         net (fo=1, routed)           0.849    24.628    Instruction_Cache_inst/PC[15]_i_4_n_1
    SLICE_X36Y42         LUT6 (Prop_lut6_I5_O)        0.124    24.752 r  Instruction_Cache_inst/PC[15]_i_2/O
                         net (fo=2, routed)           0.840    25.592    Instruction_Cache_inst/PC_SET[15]
    SLICE_X29Y42         LUT3 (Prop_lut3_I0_O)        0.152    25.744 r  Instruction_Cache_inst/PC[15]_i_1/O
                         net (fo=2, routed)           0.958    26.702    Instruction_Cache_inst/p_1_in[15]
    SLICE_X35Y42         LUT6 (Prop_lut6_I3_O)        0.332    27.034 f  Instruction_Cache_inst/r_data[31]_i_2/O
                         net (fo=1, routed)           0.433    27.467    Instruction_Cache_inst/r_data[31]_i_2_n_1
    SLICE_X35Y42         LUT2 (Prop_lut2_I1_O)        0.124    27.591 r  Instruction_Cache_inst/r_data[31]_i_1/O
                         net (fo=32, routed)          2.479    30.070    Instruction_Cache_inst/r_data[31]_i_1_n_1
    SLICE_X52Y48         FDRE                                         r  Instruction_Cache_inst/r_data_reg[7]/R
  -------------------------------------------------------------------    -------------------

Slack:                    inf
  Source:                 Instruction_Cache_inst/r_data_reg[1]/C
                            (rising edge-triggered cell FDRE)
  Destination:            Instruction_Cache_inst/r_data_reg[3]/R
  Path Group:             (none)
  Path Type:              Max at Slow Process Corner
  Data Path Delay:        30.043ns  (logic 3.882ns (12.921%)  route 26.161ns (87.079%))
  Logic Levels:           16  (CARRY4=2 FDRE=1 LUT2=3 LUT3=1 LUT4=2 LUT6=6 MUXF7=1)

    Location             Delay type                Incr(ns)  Path(ns)    Netlist Resource(s)
  -------------------------------------------------------------------    -------------------
    SLICE_X42Y46         FDRE                         0.000     0.000 r  Instruction_Cache_inst/r_data_reg[1]/C
    SLICE_X42Y46         FDRE (Prop_fdre_C_Q)         0.518     0.518 r  Instruction_Cache_inst/r_data_reg[1]/Q
                         net (fo=52, routed)          0.790     1.308    Instruction_Cache_inst/instruct[1]
    SLICE_X38Y47         LUT2 (Prop_lut2_I0_O)        0.150     1.458 f  Instruction_Cache_inst/regs[0][31]_i_6/O
                         net (fo=24, routed)          1.834     3.292    Instruction_Cache_inst/regs[0][31]_i_6_n_1
    SLICE_X47Y45         LUT6 (Prop_lut6_I5_O)        0.328     3.620 r  Instruction_Cache_inst/regs[1][6]_i_14/O
                         net (fo=7, routed)           1.027     4.646    Instruction_Cache_inst/regs[1][6]_i_14_n_1
    SLICE_X47Y44         LUT2 (Prop_lut2_I0_O)        0.152     4.798 r  Instruction_Cache_inst/blk_mem_gen_0_A_i_100/O
                         net (fo=122, routed)         7.074    11.872    Reg_file_inst/rs1_addr[2]
    SLICE_X49Y64         MUXF7 (Prop_muxf7_S_O)       0.478    12.350 f  Reg_file_inst/out_regs_reg[0][23]_i_26/O
                         net (fo=1, routed)           1.279    13.629    Reg_file_inst/out_regs_reg[0][23]_i_26_n_1
    SLICE_X50Y61         LUT6 (Prop_lut6_I3_O)        0.299    13.928 f  Reg_file_inst/out_regs_reg[0][23]_i_14/O
                         net (fo=32, routed)          2.254    16.182    Reg_file_inst/rs1_value[23]
    SLICE_X53Y53         LUT4 (Prop_lut4_I1_O)        0.152    16.334 r  Reg_file_inst/out_regs_reg[0][30]_i_92/O
                         net (fo=2, routed)           0.537    16.871    Reg_file_inst/out_regs_reg[0][30]_i_92_n_1
    SLICE_X49Y53         CARRY4 (Prop_carry4_DI[3]_CO[3])
                                                      0.587    17.458 r  Reg_file_inst/out_regs_reg[0][30]_i_53/CO[3]
                         net (fo=1, routed)           0.000    17.458    Reg_file_inst/out_regs_reg[0][30]_i_53_n_1
    SLICE_X49Y54         CARRY4 (Prop_carry4_CI_CO[3])
                                                      0.114    17.572 r  Reg_file_inst/out_regs_reg[0][30]_i_26/CO[3]
                         net (fo=34, routed)          1.333    18.905    Reg_file_inst/top_alu_async_inst/f_set_less
    SLICE_X38Y54         LUT4 (Prop_lut4_I0_O)        0.124    19.029 f  Reg_file_inst/PC[31]_i_30/O
                         net (fo=30, routed)          3.852    22.881    Instruction_Cache_inst/PC[31]_i_8_1
    SLICE_X36Y40         LUT6 (Prop_lut6_I5_O)        0.124    23.005 f  Instruction_Cache_inst/PC[15]_i_11/O
                         net (fo=1, routed)           0.650    23.655    Instruction_Cache_inst/PC[15]_i_11_n_1
    SLICE_X36Y40         LUT6 (Prop_lut6_I0_O)        0.124    23.779 f  Instruction_Cache_inst/PC[15]_i_4/O
                         net (fo=1, routed)           0.849    24.628    Instruction_Cache_inst/PC[15]_i_4_n_1
    SLICE_X36Y42         LUT6 (Prop_lut6_I5_O)        0.124    24.752 r  Instruction_Cache_inst/PC[15]_i_2/O
                         net (fo=2, routed)           0.840    25.592    Instruction_Cache_inst/PC_SET[15]
    SLICE_X29Y42         LUT3 (Prop_lut3_I0_O)        0.152    25.744 r  Instruction_Cache_inst/PC[15]_i_1/O
                         net (fo=2, routed)           0.958    26.702    Instruction_Cache_inst/p_1_in[15]
    SLICE_X35Y42         LUT6 (Prop_lut6_I3_O)        0.332    27.034 f  Instruction_Cache_inst/r_data[31]_i_2/O
                         net (fo=1, routed)           0.433    27.467    Instruction_Cache_inst/r_data[31]_i_2_n_1
    SLICE_X35Y42         LUT2 (Prop_lut2_I1_O)        0.124    27.591 r  Instruction_Cache_inst/r_data[31]_i_1/O
                         net (fo=32, routed)          2.452    30.043    Instruction_Cache_inst/r_data[31]_i_1_n_1
    SLICE_X50Y47         FDRE                                         r  Instruction_Cache_inst/r_data_reg[3]/R
  -------------------------------------------------------------------    -------------------

Slack:                    inf
  Source:                 Instruction_Cache_inst/r_data_reg[1]/C
                            (rising edge-triggered cell FDRE)
  Destination:            Instruction_Cache_inst/r_data_reg[5]/D
  Path Group:             (none)
  Path Type:              Max at Slow Process Corner
  Data Path Delay:        30.023ns  (logic 3.921ns (13.059%)  route 26.102ns (86.941%))
  Logic Levels:           17  (CARRY4=2 FDRE=1 LUT2=2 LUT3=1 LUT4=2 LUT6=5 MUXF7=2 MUXF8=1 RAMS64E=1)

    Location             Delay type                Incr(ns)  Path(ns)    Netlist Resource(s)
  -------------------------------------------------------------------    -------------------
    SLICE_X42Y46         FDRE                         0.000     0.000 r  Instruction_Cache_inst/r_data_reg[1]/C
    SLICE_X42Y46         FDRE (Prop_fdre_C_Q)         0.518     0.518 r  Instruction_Cache_inst/r_data_reg[1]/Q
                         net (fo=52, routed)          0.790     1.308    Instruction_Cache_inst/instruct[1]
    SLICE_X38Y47         LUT2 (Prop_lut2_I0_O)        0.150     1.458 f  Instruction_Cache_inst/regs[0][31]_i_6/O
                         net (fo=24, routed)          1.834     3.292    Instruction_Cache_inst/regs[0][31]_i_6_n_1
    SLICE_X47Y45         LUT6 (Prop_lut6_I5_O)        0.328     3.620 r  Instruction_Cache_inst/regs[1][6]_i_14/O
                         net (fo=7, routed)           1.027     4.646    Instruction_Cache_inst/regs[1][6]_i_14_n_1
    SLICE_X47Y44         LUT2 (Prop_lut2_I0_O)        0.152     4.798 r  Instruction_Cache_inst/blk_mem_gen_0_A_i_100/O
                         net (fo=122, routed)         7.074    11.872    Reg_file_inst/rs1_addr[2]
    SLICE_X49Y64         MUXF7 (Prop_muxf7_S_O)       0.478    12.350 f  Reg_file_inst/out_regs_reg[0][23]_i_26/O
                         net (fo=1, routed)           1.279    13.629    Reg_file_inst/out_regs_reg[0][23]_i_26_n_1
    SLICE_X50Y61         LUT6 (Prop_lut6_I3_O)        0.299    13.928 f  Reg_file_inst/out_regs_reg[0][23]_i_14/O
                         net (fo=32, routed)          2.254    16.182    Reg_file_inst/rs1_value[23]
    SLICE_X53Y53         LUT4 (Prop_lut4_I1_O)        0.152    16.334 r  Reg_file_inst/out_regs_reg[0][30]_i_92/O
                         net (fo=2, routed)           0.537    16.871    Reg_file_inst/out_regs_reg[0][30]_i_92_n_1
    SLICE_X49Y53         CARRY4 (Prop_carry4_DI[3]_CO[3])
                                                      0.587    17.458 r  Reg_file_inst/out_regs_reg[0][30]_i_53/CO[3]
                         net (fo=1, routed)           0.000    17.458    Reg_file_inst/out_regs_reg[0][30]_i_53_n_1
    SLICE_X49Y54         CARRY4 (Prop_carry4_CI_CO[3])
                                                      0.114    17.572 r  Reg_file_inst/out_regs_reg[0][30]_i_26/CO[3]
                         net (fo=34, routed)          1.333    18.905    Reg_file_inst/top_alu_async_inst/f_set_less
    SLICE_X38Y54         LUT4 (Prop_lut4_I0_O)        0.124    19.029 f  Reg_file_inst/PC[31]_i_30/O
                         net (fo=30, routed)          3.840    22.869    Instruction_Cache_inst/PC[31]_i_8_1
    SLICE_X38Y40         LUT6 (Prop_lut6_I5_O)        0.124    22.993 f  Instruction_Cache_inst/PC[2]_i_4/O
                         net (fo=1, routed)           0.452    23.445    Instruction_Cache_inst/PC[2]_i_4_n_1
    SLICE_X38Y40         LUT6 (Prop_lut6_I0_O)        0.124    23.569 f  Instruction_Cache_inst/PC[2]_i_3/O
                         net (fo=1, routed)           0.627    24.196    Instruction_Cache_inst/PC[2]_i_3_n_1
    SLICE_X37Y40         LUT6 (Prop_lut6_I5_O)        0.124    24.320 r  Instruction_Cache_inst/PC[2]_i_2/O
                         net (fo=3, routed)           0.812    25.132    Instruction_Cache_inst/PC_SET[2]
    SLICE_X32Y40         LUT3 (Prop_lut3_I0_O)        0.124    25.256 r  Instruction_Cache_inst/PC[2]_i_1/O
                         net (fo=129, routed)         4.245    29.500    Instruction_Cache_inst/mem_reg_0_255_5_5/A0
    SLICE_X50Y43         RAMS64E (Prop_rams64e_ADR0_O)
                                                      0.221    29.721 r  Instruction_Cache_inst/mem_reg_0_255_5_5/RAMS64E_A/O
                         net (fo=1, routed)           0.000    29.721    Instruction_Cache_inst/mem_reg_0_255_5_5/OA
    SLICE_X50Y43         MUXF7 (Prop_muxf7_I1_O)      0.214    29.935 r  Instruction_Cache_inst/mem_reg_0_255_5_5/F7.A/O
                         net (fo=1, routed)           0.000    29.935    Instruction_Cache_inst/mem_reg_0_255_5_5/O1
    SLICE_X50Y43         MUXF8 (Prop_muxf8_I1_O)      0.088    30.023 r  Instruction_Cache_inst/mem_reg_0_255_5_5/F8/O
                         net (fo=1, routed)           0.000    30.023    Instruction_Cache_inst/mem_reg_0_255_5_5_n_1
    SLICE_X50Y43         FDRE                                         r  Instruction_Cache_inst/r_data_reg[5]/D
  -------------------------------------------------------------------    -------------------

Slack:                    inf
  Source:                 Instruction_Cache_inst/r_data_reg[1]/C
                            (rising edge-triggered cell FDRE)
  Destination:            Instruction_Cache_inst/r_data_reg[19]/D
  Path Group:             (none)
  Path Type:              Max at Slow Process Corner
  Data Path Delay:        29.960ns  (logic 3.861ns (12.887%)  route 26.099ns (87.113%))
  Logic Levels:           17  (CARRY4=2 FDRE=1 LUT2=2 LUT3=1 LUT4=2 LUT6=5 MUXF7=2 MUXF8=1 RAMS64E=1)

    Location             Delay type                Incr(ns)  Path(ns)    Netlist Resource(s)
  -------------------------------------------------------------------    -------------------
    SLICE_X42Y46         FDRE                         0.000     0.000 r  Instruction_Cache_inst/r_data_reg[1]/C
    SLICE_X42Y46         FDRE (Prop_fdre_C_Q)         0.518     0.518 r  Instruction_Cache_inst/r_data_reg[1]/Q
                         net (fo=52, routed)          0.790     1.308    Instruction_Cache_inst/instruct[1]
    SLICE_X38Y47         LUT2 (Prop_lut2_I0_O)        0.150     1.458 f  Instruction_Cache_inst/regs[0][31]_i_6/O
                         net (fo=24, routed)          1.834     3.292    Instruction_Cache_inst/regs[0][31]_i_6_n_1
    SLICE_X47Y45         LUT6 (Prop_lut6_I5_O)        0.328     3.620 r  Instruction_Cache_inst/regs[1][6]_i_14/O
                         net (fo=7, routed)           1.027     4.646    Instruction_Cache_inst/regs[1][6]_i_14_n_1
    SLICE_X47Y44         LUT2 (Prop_lut2_I0_O)        0.152     4.798 r  Instruction_Cache_inst/blk_mem_gen_0_A_i_100/O
                         net (fo=122, routed)         7.074    11.872    Reg_file_inst/rs1_addr[2]
    SLICE_X49Y64         MUXF7 (Prop_muxf7_S_O)       0.478    12.350 f  Reg_file_inst/out_regs_reg[0][23]_i_26/O
                         net (fo=1, routed)           1.279    13.629    Reg_file_inst/out_regs_reg[0][23]_i_26_n_1
    SLICE_X50Y61         LUT6 (Prop_lut6_I3_O)        0.299    13.928 f  Reg_file_inst/out_regs_reg[0][23]_i_14/O
                         net (fo=32, routed)          2.254    16.182    Reg_file_inst/rs1_value[23]
    SLICE_X53Y53         LUT4 (Prop_lut4_I1_O)        0.152    16.334 r  Reg_file_inst/out_regs_reg[0][30]_i_92/O
                         net (fo=2, routed)           0.537    16.871    Reg_file_inst/out_regs_reg[0][30]_i_92_n_1
    SLICE_X49Y53         CARRY4 (Prop_carry4_DI[3]_CO[3])
                                                      0.587    17.458 r  Reg_file_inst/out_regs_reg[0][30]_i_53/CO[3]
                         net (fo=1, routed)           0.000    17.458    Reg_file_inst/out_regs_reg[0][30]_i_53_n_1
    SLICE_X49Y54         CARRY4 (Prop_carry4_CI_CO[3])
                                                      0.114    17.572 r  Reg_file_inst/out_regs_reg[0][30]_i_26/CO[3]
                         net (fo=34, routed)          1.333    18.905    Reg_file_inst/top_alu_async_inst/f_set_less
    SLICE_X38Y54         LUT4 (Prop_lut4_I0_O)        0.124    19.029 f  Reg_file_inst/PC[31]_i_30/O
                         net (fo=30, routed)          3.840    22.869    Instruction_Cache_inst/PC[31]_i_8_1
    SLICE_X38Y40         LUT6 (Prop_lut6_I5_O)        0.124    22.993 f  Instruction_Cache_inst/PC[2]_i_4/O
                         net (fo=1, routed)           0.452    23.445    Instruction_Cache_inst/PC[2]_i_4_n_1
    SLICE_X38Y40         LUT6 (Prop_lut6_I0_O)        0.124    23.569 f  Instruction_Cache_inst/PC[2]_i_3/O
                         net (fo=1, routed)           0.627    24.196    Instruction_Cache_inst/PC[2]_i_3_n_1
    SLICE_X37Y40         LUT6 (Prop_lut6_I5_O)        0.124    24.320 r  Instruction_Cache_inst/PC[2]_i_2/O
                         net (fo=3, routed)           0.812    25.132    Instruction_Cache_inst/PC_SET[2]
    SLICE_X32Y40         LUT3 (Prop_lut3_I0_O)        0.124    25.256 r  Instruction_Cache_inst/PC[2]_i_1/O
                         net (fo=129, routed)         4.241    29.497    Instruction_Cache_inst/mem_reg_0_255_19_19/A0
    SLICE_X50Y44         RAMS64E (Prop_rams64e_ADR0_O)
                                                      0.124    29.621 r  Instruction_Cache_inst/mem_reg_0_255_19_19/RAMS64E_D/O
                         net (fo=1, routed)           0.000    29.621    Instruction_Cache_inst/mem_reg_0_255_19_19/OD
    SLICE_X50Y44         MUXF7 (Prop_muxf7_I0_O)      0.241    29.862 r  Instruction_Cache_inst/mem_reg_0_255_19_19/F7.B/O
                         net (fo=1, routed)           0.000    29.862    Instruction_Cache_inst/mem_reg_0_255_19_19/O0
    SLICE_X50Y44         MUXF8 (Prop_muxf8_I0_O)      0.098    29.960 r  Instruction_Cache_inst/mem_reg_0_255_19_19/F8/O
                         net (fo=1, routed)           0.000    29.960    Instruction_Cache_inst/mem_reg_0_255_19_19_n_1
    SLICE_X50Y44         FDRE                                         r  Instruction_Cache_inst/r_data_reg[19]/D
  -------------------------------------------------------------------    -------------------





Min Delay Paths
--------------------------------------------------------------------------------------
Slack:                    inf
  Source:                 seg_disp_driver_inst/r_an_cnt_reg[2]/C
                            (rising edge-triggered cell FDRE)
  Destination:            seg_disp_driver_inst/r_an_cnt_reg[2]/D
  Path Group:             (none)
  Path Type:              Min at Fast Process Corner
  Data Path Delay:        0.385ns  (logic 0.252ns (65.529%)  route 0.133ns (34.471%))
  Logic Levels:           2  (CARRY4=1 FDRE=1)

    Location             Delay type                Incr(ns)  Path(ns)    Netlist Resource(s)
  -------------------------------------------------------------------    -------------------
    SLICE_X44Y31         FDRE                         0.000     0.000 r  seg_disp_driver_inst/r_an_cnt_reg[2]/C
    SLICE_X44Y31         FDRE (Prop_fdre_C_Q)         0.141     0.141 r  seg_disp_driver_inst/r_an_cnt_reg[2]/Q
                         net (fo=2, routed)           0.133     0.274    seg_disp_driver_inst/r_an_cnt_reg[2]
    SLICE_X44Y31         CARRY4 (Prop_carry4_S[2]_O[2])
                                                      0.111     0.385 r  seg_disp_driver_inst/r_an_cnt_reg[0]_i_2/O[2]
                         net (fo=1, routed)           0.000     0.385    seg_disp_driver_inst/r_an_cnt_reg[0]_i_2_n_6
    SLICE_X44Y31         FDRE                                         r  seg_disp_driver_inst/r_an_cnt_reg[2]/D
  -------------------------------------------------------------------    -------------------

Slack:                    inf
  Source:                 seg_disp_driver_inst/r_an_cnt_reg[10]/C
                            (rising edge-triggered cell FDRE)
  Destination:            seg_disp_driver_inst/r_an_cnt_reg[10]/D
  Path Group:             (none)
  Path Type:              Min at Fast Process Corner
  Data Path Delay:        0.385ns  (logic 0.252ns (65.465%)  route 0.133ns (34.535%))
  Logic Levels:           2  (CARRY4=1 FDRE=1)

    Location             Delay type                Incr(ns)  Path(ns)    Netlist Resource(s)
  -------------------------------------------------------------------    -------------------
    SLICE_X44Y33         FDRE                         0.000     0.000 r  seg_disp_driver_inst/r_an_cnt_reg[10]/C
    SLICE_X44Y33         FDRE (Prop_fdre_C_Q)         0.141     0.141 r  seg_disp_driver_inst/r_an_cnt_reg[10]/Q
                         net (fo=2, routed)           0.133     0.274    seg_disp_driver_inst/r_an_cnt_reg[10]
    SLICE_X44Y33         CARRY4 (Prop_carry4_S[2]_O[2])
                                                      0.111     0.385 r  seg_disp_driver_inst/r_an_cnt_reg[8]_i_1/O[2]
                         net (fo=1, routed)           0.000     0.385    seg_disp_driver_inst/r_an_cnt_reg[8]_i_1_n_6
    SLICE_X44Y33         FDRE                                         r  seg_disp_driver_inst/r_an_cnt_reg[10]/D
  -------------------------------------------------------------------    -------------------

Slack:                    inf
  Source:                 seg_disp_driver_inst/r_an_cnt_reg[14]/C
                            (rising edge-triggered cell FDRE)
  Destination:            seg_disp_driver_inst/r_an_cnt_reg[14]/D
  Path Group:             (none)
  Path Type:              Min at Fast Process Corner
  Data Path Delay:        0.385ns  (logic 0.252ns (65.465%)  route 0.133ns (34.535%))
  Logic Levels:           2  (CARRY4=1 FDRE=1)

    Location             Delay type                Incr(ns)  Path(ns)    Netlist Resource(s)
  -------------------------------------------------------------------    -------------------
    SLICE_X44Y34         FDRE                         0.000     0.000 r  seg_disp_driver_inst/r_an_cnt_reg[14]/C
    SLICE_X44Y34         FDRE (Prop_fdre_C_Q)         0.141     0.141 r  seg_disp_driver_inst/r_an_cnt_reg[14]/Q
                         net (fo=2, routed)           0.133     0.274    seg_disp_driver_inst/r_an_cnt_reg[14]
    SLICE_X44Y34         CARRY4 (Prop_carry4_S[2]_O[2])
                                                      0.111     0.385 r  seg_disp_driver_inst/r_an_cnt_reg[12]_i_1/O[2]
                         net (fo=1, routed)           0.000     0.385    seg_disp_driver_inst/r_an_cnt_reg[12]_i_1_n_6
    SLICE_X44Y34         FDRE                                         r  seg_disp_driver_inst/r_an_cnt_reg[14]/D
  -------------------------------------------------------------------    -------------------

Slack:                    inf
  Source:                 seg_disp_driver_inst/r_an_cnt_reg[6]/C
                            (rising edge-triggered cell FDRE)
  Destination:            seg_disp_driver_inst/r_an_cnt_reg[6]/D
  Path Group:             (none)
  Path Type:              Min at Fast Process Corner
  Data Path Delay:        0.386ns  (logic 0.252ns (65.354%)  route 0.134ns (34.646%))
  Logic Levels:           2  (CARRY4=1 FDRE=1)

    Location             Delay type                Incr(ns)  Path(ns)    Netlist Resource(s)
  -------------------------------------------------------------------    -------------------
    SLICE_X44Y32         FDRE                         0.000     0.000 r  seg_disp_driver_inst/r_an_cnt_reg[6]/C
    SLICE_X44Y32         FDRE (Prop_fdre_C_Q)         0.141     0.141 r  seg_disp_driver_inst/r_an_cnt_reg[6]/Q
                         net (fo=2, routed)           0.134     0.275    seg_disp_driver_inst/r_an_cnt_reg[6]
    SLICE_X44Y32         CARRY4 (Prop_carry4_S[2]_O[2])
                                                      0.111     0.386 r  seg_disp_driver_inst/r_an_cnt_reg[4]_i_1/O[2]
                         net (fo=1, routed)           0.000     0.386    seg_disp_driver_inst/r_an_cnt_reg[4]_i_1_n_6
    SLICE_X44Y32         FDRE                                         r  seg_disp_driver_inst/r_an_cnt_reg[6]/D
  -------------------------------------------------------------------    -------------------

Slack:                    inf
  Source:                 seg_disp_driver_inst/r_an_sel_reg[2]/C
                            (rising edge-triggered cell FDRE)
  Destination:            seg_disp_driver_inst/r_an_sel_reg[0]/D
  Path Group:             (none)
  Path Type:              Min at Fast Process Corner
  Data Path Delay:        0.387ns  (logic 0.226ns (58.451%)  route 0.161ns (41.549%))
  Logic Levels:           2  (FDRE=1 LUT3=1)

    Location             Delay type                Incr(ns)  Path(ns)    Netlist Resource(s)
  -------------------------------------------------------------------    -------------------
    SLICE_X49Y33         FDRE                         0.000     0.000 r  seg_disp_driver_inst/r_an_sel_reg[2]/C
    SLICE_X49Y33         FDRE (Prop_fdre_C_Q)         0.128     0.128 f  seg_disp_driver_inst/r_an_sel_reg[2]/Q
                         net (fo=15, routed)          0.161     0.289    seg_disp_driver_inst/r_an_sel_reg[2]_0
    SLICE_X49Y33         LUT3 (Prop_lut3_I1_O)        0.098     0.387 r  seg_disp_driver_inst/r_an_sel[0]_i_1/O
                         net (fo=1, routed)           0.000     0.387    seg_disp_driver_inst/r_an_sel[0]_i_1_n_1
    SLICE_X49Y33         FDRE                                         r  seg_disp_driver_inst/r_an_sel_reg[0]/D
  -------------------------------------------------------------------    -------------------

Slack:                    inf
  Source:                 Data_memory_inst/r_data_reg[20]/G
                            (positive level-sensitive latch)
  Destination:            Reg_file_inst/regs_reg[0][20]/D
  Path Group:             (none)
  Path Type:              Min at Fast Process Corner
  Data Path Delay:        0.394ns  (logic 0.226ns (57.396%)  route 0.168ns (42.604%))
  Logic Levels:           2  (LDCE=1 LUT6=1)

    Location             Delay type                Incr(ns)  Path(ns)    Netlist Resource(s)
  -------------------------------------------------------------------    -------------------
    SLICE_X50Y50         LDCE                         0.000     0.000 r  Data_memory_inst/r_data_reg[20]/G
    SLICE_X50Y50         LDCE (EnToQ_ldce_G_Q)        0.181     0.181 r  Data_memory_inst/r_data_reg[20]/Q
                         net (fo=2, routed)           0.168     0.349    Instruction_Cache_inst/regs_reg[0][31][20]
    SLICE_X52Y53         LUT6 (Prop_lut6_I5_O)        0.045     0.394 r  Instruction_Cache_inst/regs[0][20]_i_1/O
                         net (fo=1, routed)           0.000     0.394    Reg_file_inst/regs_reg[0][31]_0[20]
    SLICE_X52Y53         FDRE                                         r  Reg_file_inst/regs_reg[0][20]/D
  -------------------------------------------------------------------    -------------------

Slack:                    inf
  Source:                 seg_disp_driver_inst/r_an_cnt_reg[2]/C
                            (rising edge-triggered cell FDRE)
  Destination:            seg_disp_driver_inst/r_an_cnt_reg[3]/D
  Path Group:             (none)
  Path Type:              Min at Fast Process Corner
  Data Path Delay:        0.418ns  (logic 0.285ns (68.253%)  route 0.133ns (31.747%))
  Logic Levels:           2  (CARRY4=1 FDRE=1)

    Location             Delay type                Incr(ns)  Path(ns)    Netlist Resource(s)
  -------------------------------------------------------------------    -------------------
    SLICE_X44Y31         FDRE                         0.000     0.000 r  seg_disp_driver_inst/r_an_cnt_reg[2]/C
    SLICE_X44Y31         FDRE (Prop_fdre_C_Q)         0.141     0.141 r  seg_disp_driver_inst/r_an_cnt_reg[2]/Q
                         net (fo=2, routed)           0.133     0.274    seg_disp_driver_inst/r_an_cnt_reg[2]
    SLICE_X44Y31         CARRY4 (Prop_carry4_S[2]_O[3])
                                                      0.144     0.418 r  seg_disp_driver_inst/r_an_cnt_reg[0]_i_2/O[3]
                         net (fo=1, routed)           0.000     0.418    seg_disp_driver_inst/r_an_cnt_reg[0]_i_2_n_5
    SLICE_X44Y31         FDRE                                         r  seg_disp_driver_inst/r_an_cnt_reg[3]/D
  -------------------------------------------------------------------    -------------------

Slack:                    inf
  Source:                 seg_disp_driver_inst/r_an_cnt_reg[10]/C
                            (rising edge-triggered cell FDRE)
  Destination:            seg_disp_driver_inst/r_an_cnt_reg[11]/D
  Path Group:             (none)
  Path Type:              Min at Fast Process Corner
  Data Path Delay:        0.418ns  (logic 0.285ns (68.192%)  route 0.133ns (31.808%))
  Logic Levels:           2  (CARRY4=1 FDRE=1)

    Location             Delay type                Incr(ns)  Path(ns)    Netlist Resource(s)
  -------------------------------------------------------------------    -------------------
    SLICE_X44Y33         FDRE                         0.000     0.000 r  seg_disp_driver_inst/r_an_cnt_reg[10]/C
    SLICE_X44Y33         FDRE (Prop_fdre_C_Q)         0.141     0.141 r  seg_disp_driver_inst/r_an_cnt_reg[10]/Q
                         net (fo=2, routed)           0.133     0.274    seg_disp_driver_inst/r_an_cnt_reg[10]
    SLICE_X44Y33         CARRY4 (Prop_carry4_S[2]_O[3])
                                                      0.144     0.418 r  seg_disp_driver_inst/r_an_cnt_reg[8]_i_1/O[3]
                         net (fo=1, routed)           0.000     0.418    seg_disp_driver_inst/r_an_cnt_reg[8]_i_1_n_5
    SLICE_X44Y33         FDRE                                         r  seg_disp_driver_inst/r_an_cnt_reg[11]/D
  -------------------------------------------------------------------    -------------------

Slack:                    inf
  Source:                 seg_disp_driver_inst/r_an_cnt_reg[14]/C
                            (rising edge-triggered cell FDRE)
  Destination:            seg_disp_driver_inst/r_an_cnt_reg[15]/D
  Path Group:             (none)
  Path Type:              Min at Fast Process Corner
  Data Path Delay:        0.418ns  (logic 0.285ns (68.192%)  route 0.133ns (31.808%))
  Logic Levels:           2  (CARRY4=1 FDRE=1)

    Location             Delay type                Incr(ns)  Path(ns)    Netlist Resource(s)
  -------------------------------------------------------------------    -------------------
    SLICE_X44Y34         FDRE                         0.000     0.000 r  seg_disp_driver_inst/r_an_cnt_reg[14]/C
    SLICE_X44Y34         FDRE (Prop_fdre_C_Q)         0.141     0.141 r  seg_disp_driver_inst/r_an_cnt_reg[14]/Q
                         net (fo=2, routed)           0.133     0.274    seg_disp_driver_inst/r_an_cnt_reg[14]
    SLICE_X44Y34         CARRY4 (Prop_carry4_S[2]_O[3])
                                                      0.144     0.418 r  seg_disp_driver_inst/r_an_cnt_reg[12]_i_1/O[3]
                         net (fo=1, routed)           0.000     0.418    seg_disp_driver_inst/r_an_cnt_reg[12]_i_1_n_5
    SLICE_X44Y34         FDRE                                         r  seg_disp_driver_inst/r_an_cnt_reg[15]/D
  -------------------------------------------------------------------    -------------------

Slack:                    inf
  Source:                 seg_disp_driver_inst/r_an_cnt_reg[6]/C
                            (rising edge-triggered cell FDRE)
  Destination:            seg_disp_driver_inst/r_an_cnt_reg[7]/D
  Path Group:             (none)
  Path Type:              Min at Fast Process Corner
  Data Path Delay:        0.419ns  (logic 0.285ns (68.085%)  route 0.134ns (31.915%))
  Logic Levels:           2  (CARRY4=1 FDRE=1)

    Location             Delay type                Incr(ns)  Path(ns)    Netlist Resource(s)
  -------------------------------------------------------------------    -------------------
    SLICE_X44Y32         FDRE                         0.000     0.000 r  seg_disp_driver_inst/r_an_cnt_reg[6]/C
    SLICE_X44Y32         FDRE (Prop_fdre_C_Q)         0.141     0.141 r  seg_disp_driver_inst/r_an_cnt_reg[6]/Q
                         net (fo=2, routed)           0.134     0.275    seg_disp_driver_inst/r_an_cnt_reg[6]
    SLICE_X44Y32         CARRY4 (Prop_carry4_S[2]_O[3])
                                                      0.144     0.419 r  seg_disp_driver_inst/r_an_cnt_reg[4]_i_1/O[3]
                         net (fo=1, routed)           0.000     0.419    seg_disp_driver_inst/r_an_cnt_reg[4]_i_1_n_5
    SLICE_X44Y32         FDRE                                         r  seg_disp_driver_inst/r_an_cnt_reg[7]/D
  -------------------------------------------------------------------    -------------------





